"Date","Price","Open","High","Low","Vol.","Change %"
"Aug 26, 2019","10,343.4","10,132.3","10,574.0","10,129.7","0.08K","2.08%"
"Aug 25, 2019","10,132.3","10,132.0","10,310.0","9,924.6","0.07K","0.00%"
"Aug 24, 2019","10,131.9","10,374.4","10,406.0","9,900.0","0.06K","-2.52%"
"Aug 23, 2019","10,394.4","10,129.0","11,097.0","10,031.6","0.07K","2.62%"
"Aug 22, 2019","10,129.0","10,152.7","10,250.0","9,786.7","0.04K","-0.23%"
"Aug 21, 2019","10,152.7","10,740.2","10,792.5","9,894.6","0.04K","-5.47%"
"Aug 20, 2019","10,740.2","10,917.4","10,936.5","10,562.1","0.03K","-1.62%"
"Aug 19, 2019","10,917.4","10,326.0","10,917.4","10,265.1","0.04K","5.73%"
"Aug 18, 2019","10,326.0","10,220.0","10,492.0","10,081.0","0.03K","1.04%"
"Aug 17, 2019","10,220.0","10,351.0","10,452.0","10,020.0","0.04K","-1.27%"
"Aug 16, 2019","10,351.0","10,290.6","10,519.7","9,782.3","0.06K","0.59%"
"Aug 15, 2019","10,290.6","10,032.6","10,446.6","9,619.6","0.07K","2.57%"
"Aug 14, 2019","10,032.6","10,896.6","10,896.6","9,969.6","0.04K","-7.93%"
"Aug 13, 2019","10,896.6","11,388.0","11,444.0","10,818.2","0.03K","-4.35%"
"Aug 12, 2019","11,392.6","11,525.0","11,537.6","11,267.0","0.03K","-1.15%"
"Aug 11, 2019","11,525.0","11,326.9","11,578.9","11,141.0","0.03K","1.75%"
"Aug 10, 2019","11,326.9","11,889.2","11,956.9","11,277.1","0.03K","-4.63%"
"Aug 09, 2019","11,876.8","11,999.1","12,004.9","11,473.0","0.03K","-0.83%"
"Aug 08, 2019","11,976.3","11,860.8","12,000.0","11,416.0","0.04K","0.87%"
"Aug 07, 2019","11,873.1","11,445.0","12,046.6","10,750.0","0.04K","3.74%"
"Aug 06, 2019","11,445.0","11,793.2","12,217.4","11,240.0","0.04K","-2.92%"
"Aug 05, 2019","11,789.5","10,893.1","11,801.1","10,885.0","0.04K","8.23%"
"Aug 04, 2019","10,893.1","10,798.0","11,000.0","10,553.9","0.03K","0.88%"
"Aug 03, 2019","10,798.0","10,499.3","10,894.0","10,432.0","0.04K","2.96%"
"Aug 02, 2019","10,487.5","10,387.6","10,644.3","10,307.4","0.06K","0.96%"
"Aug 01, 2019","10,387.6","10,081.4","10,471.0","9,883.0","0.04K","3.04%"
"Jul 31, 2019","10,081.4","9,573.1","10,087.0","9,553.6","0.05K","5.31%"
"Jul 30, 2019","9,573.1","9,498.8","9,716.4","9,388.3","0.06K","0.78%"
"Jul 29, 2019","9,498.8","9,535.1","9,703.9","9,426.1","0.05K","-0.38%"
"Jul 28, 2019","9,535.1","9,481.1","9,597.2","9,188.5","0.05K","0.57%"
"Jul 27, 2019","9,481.1","9,840.5","10,189.4","9,367.2","0.06K","-3.65%"
"Jul 26, 2019","9,840.5","9,895.1","9,895.1","9,650.9","0.05K","-0.55%"
"Jul 25, 2019","9,895.1","9,773.5","10,156.7","9,737.7","0.06K","1.24%"
"Jul 24, 2019","9,773.5","9,870.2","9,936.2","9,566.3","0.05K","-0.98%"
"Jul 23, 2019","9,870.2","10,295.0","10,330.9","9,849.6","0.03K","-4.13%"
"Jul 22, 2019","10,295.0","10,625.9","10,685.5","10,118.5","0.04K","-3.11%"
"Jul 21, 2019","10,625.9","10,745.4","10,802.4","10,318.5","0.03K","-1.11%"
"Jul 20, 2019","10,745.4","10,504.8","11,073.0","10,383.0","0.03K","2.29%"
"Jul 19, 2019","10,504.8","10,627.3","10,747.8","10,140.7","0.07K","-1.15%"
"Jul 18, 2019","10,627.3","9,658.8","10,752.0","9,304.3","0.08K","10.03%"
"Jul 17, 2019","9,658.8","9,398.1","9,926.0","9,058.7","0.07K","2.77%"
"Jul 16, 2019","9,398.1","10,851.1","11,000.0","9,356.5","0.09K","-13.39%"
"Jul 15, 2019","10,851.1","10,172.8","11,051.6","9,876.5","0.06K","6.67%"
"Jul 14, 2019","10,172.8","11,384.7","11,439.5","10,095.0","0.05K","-10.65%"
"Jul 13, 2019","11,384.7","11,755.5","11,807.1","10,854.0","0.04K","-3.15%"
"Jul 12, 2019","11,755.5","11,346.3","11,872.9","11,096.6","0.05K","3.61%"
"Jul 11, 2019","11,346.3","12,125.2","12,125.2","11,050.0","0.08K","-6.42%"
"Jul 10, 2019","12,125.2","12,542.0","13,105.1","11,596.0","0.11K","-3.32%"
"Jul 09, 2019","12,542.0","12,254.1","12,749.5","12,053.0","0.06K","2.35%"
"Jul 08, 2019","12,254.1","11,416.7","12,333.0","11,309.0","0.04K","7.33%"
"Jul 07, 2019","11,416.7","11,237.0","11,501.0","11,103.0","0.03K","1.60%"
"Jul 06, 2019","11,237.0","10,942.5","11,632.0","10,942.5","0.04K","2.69%"
"Jul 05, 2019","10,942.5","11,174.4","11,598.0","10,823.0","0.03K","-2.07%"
"Jul 04, 2019","11,174.4","11,935.0","11,980.0","11,095.4","0.03K","-6.37%"
"Jul 03, 2019","11,935.0","10,815.0","11,962.0","10,815.0","0.04K","10.36%"
"Jul 02, 2019","10,815.0","10,632.7","10,905.1","9,711.9","0.03K","1.71%"
"Jul 01, 2019","10,632.7","10,793.0","11,254.0","10,062.1","0.03K","-1.49%"
"Jun 30, 2019","10,793.0","11,898.8","12,152.1","10,790.6","0.03K","-9.29%"
"Jun 29, 2019","11,898.8","12,377.0","12,427.0","11,527.0","0.02K","-3.86%"
"Jun 28, 2019","12,377.0","11,318.0","12,461.8","11,034.7","0.05K","9.36%"
"Jun 27, 2019","11,318.0","13,111.8","13,439.0","10,526.0","0.12K","-13.68%"
"Jun 26, 2019","13,111.8","11,816.0","14,000.0","11,769.4","0.09K","10.97%"
"Jun 25, 2019","11,816.0","11,030.4","11,818.9","11,030.4","0.04K","7.12%"
"Jun 24, 2019","11,030.4","10,888.0","11,113.8","10,642.4","0.02K","1.31%"
"Jun 23, 2019","10,888.0","10,751.5","11,356.7","10,562.3","0.02K","1.27%"
"Jun 22, 2019","10,751.5","10,146.0","11,145.0","9,979.5","0.07K","5.97%"
"Jun 21, 2019","10,146.0","9,515.6","10,146.0","9,515.6","0.06K","6.62%"
"Jun 20, 2019","9,515.6","9,258.8","9,595.4","9,173.5","0.06K","2.77%"
"Jun 19, 2019","9,258.8","9,063.5","9,278.2","9,049.2","0.05K","2.15%"
"Jun 18, 2019","9,063.5","9,306.2","9,306.2","8,955.8","0.07K","-2.61%"
"Jun 17, 2019","9,306.2","8,935.2","9,413.4","8,935.2","0.07K","4.15%"
"Jun 16, 2019","8,935.2","8,794.6","9,411.5","8,770.2","0.09K","1.60%"
"Jun 15, 2019","8,794.6","8,654.7","8,836.6","8,572.8","0.06K","1.62%"
"Jun 14, 2019","8,654.7","8,193.0","8,665.3","8,154.7","0.06K","5.63%"
"Jun 13, 2019","8,193.0","8,125.6","8,300.0","8,026.3","0.05K","0.83%"
"Jun 12, 2019","8,125.6","7,890.7","8,217.0","7,807.5","0.07K","2.98%"
"Jun 11, 2019","7,890.7","7,980.5","8,012.8","7,715.2","0.06K","-0.97%"
"Jun 10, 2019","7,968.1","7,651.0","8,050.0","7,536.1","0.07K","4.14%"
"Jun 09, 2019","7,651.0","7,895.1","7,946.4","7,510.0","0.07K","-3.09%"
"Jun 08, 2019","7,895.1","7,995.4","8,014.8","7,768.3","0.07K","-1.26%"
"Jun 07, 2019","7,995.4","7,760.7","8,088.0","7,733.0","0.07K","3.02%"
"Jun 06, 2019","7,760.7","7,790.6","7,853.3","7,471.3","0.07K","-0.38%"
"Jun 05, 2019","7,790.6","7,678.8","8,000.0","7,587.6","0.07K","1.46%"
"Jun 04, 2019","7,678.8","8,136.0","8,136.0","7,498.0","0.08K","-5.62%"
"Jun 03, 2019","8,136.0","8,722.1","8,722.1","8,103.3","0.08K","-6.72%"
"Jun 02, 2019","8,722.1","8,546.5","8,805.3","8,526.5","0.07K","2.06%"
"Jun 01, 2019","8,546.5","8,548.9","8,634.7","8,448.4","0.07K","-0.03%"
"May 31, 2019","8,548.9","8,283.8","8,589.1","8,127.4","0.07K","3.20%"
"May 30, 2019","8,283.8","8,659.1","9,049.1","8,034.9","0.10K","-4.33%"
"May 29, 2019","8,659.1","8,722.6","8,754.1","8,434.0","0.08K","-0.73%"
"May 28, 2019","8,722.6","8,756.9","8,800.0","8,563.2","0.08K","-0.39%"
"May 27, 2019","8,756.9","8,658.0","8,900.0","8,584.0","0.09K","1.14%"
"May 26, 2019","8,658.0","8,017.5","8,713.9","7,865.5","0.10K","7.99%"
"May 25, 2019","8,017.5","7,958.3","8,082.1","7,904.6","0.07K","0.74%"
"May 24, 2019","7,958.3","7,826.5","8,133.7","7,781.0","0.08K","1.68%"
"May 23, 2019","7,826.5","7,654.7","7,923.7","7,482.2","0.07K","2.24%"
"May 22, 2019","7,654.7","7,911.9","8,030.0","7,493.7","0.09K","-3.25%"
"May 21, 2019","7,911.9","7,947.4","8,035.2","7,781.0","0.08K","-0.45%"
"May 20, 2019","7,947.4","8,159.3","8,159.3","7,566.5","0.08K","-2.60%"
"May 19, 2019","8,159.3","7,267.0","8,254.7","7,255.7","0.09K","12.28%"
"May 18, 2019","7,267.0","7,363.4","7,430.2","7,195.1","0.07K","-1.31%"
"May 17, 2019","7,363.4","7,857.5","7,923.7","6,932.5","0.11K","-6.29%"
"May 16, 2019","7,857.5","8,141.9","8,321.1","7,700.0","0.09K","-3.49%"
"May 15, 2019","8,141.9","7,966.1","8,240.0","7,835.4","0.10K","2.14%"
"May 14, 2019","7,971.2","7,803.8","8,290.0","7,627.8","0.16K","2.15%"
"May 13, 2019","7,803.8","6,967.4","30,000.0","6,210.3","0.16K","12.00%"
"May 12, 2019","6,967.4","7,115.0","7,547.4","6,784.7","0.12K","-2.08%"
"May 11, 2019","7,115.0","6,380.6","7,347.5","6,366.5","0.08K","11.51%"
"May 10, 2019","6,380.6","6,203.6","6,499.0","6,167.9","0.08K","2.85%"
"May 09, 2019","6,203.6","5,983.0","6,212.7","5,983.0","0.10K","3.69%"
"May 08, 2019","5,983.0","5,855.3","6,018.6","5,813.4","0.07K","2.18%"
"May 07, 2019","5,855.3","5,782.9","6,007.7","5,758.7","0.08K","1.25%"
"May 06, 2019","5,782.9","5,775.9","5,815.0","5,641.4","0.09K","0.12%"
"May 05, 2019","5,775.9","5,823.2","5,837.7","5,704.9","0.07K","-0.81%"
"May 04, 2019","5,823.2","5,766.3","5,902.1","5,608.8","0.08K","0.99%"
"May 03, 2019","5,766.3","5,500.6","5,847.3","5,477.2","0.09K","4.91%"
"May 02, 2019","5,496.7","5,384.0","5,525.4","5,365.5","0.10K","2.09%"
"May 01, 2019","5,384.0","5,315.6","5,388.3","5,312.6","0.09K","1.29%"
"Apr 30, 2019","5,315.6","5,236.0","5,337.0","5,198.0","0.09K","1.52%"
"Apr 29, 2019","5,236.0","5,316.4","5,342.0","5,196.2","0.09K","-1.51%"
"Apr 28, 2019","5,316.4","5,294.6","5,342.0","5,260.9","0.08K","0.41%"
"Apr 27, 2019","5,294.6","5,303.9","5,339.6","5,252.6","0.07K","-0.18%"
"Apr 26, 2019","5,303.9","5,208.0","5,508.9","5,164.2","0.11K","1.84%"
"Apr 25, 2019","5,208.0","5,394.0","5,486.2","5,088.7","0.11K","-3.45%"
"Apr 24, 2019","5,394.0","5,511.2","5,583.5","5,349.5","0.09K","-2.13%"
"Apr 23, 2019","5,511.2","5,363.0","5,590.4","5,337.0","0.09K","2.76%"
"Apr 22, 2019","5,363.0","5,267.1","5,402.1","5,220.9","0.09K","1.82%"
"Apr 21, 2019","5,267.1","5,296.6","5,317.7","5,182.1","0.09K","-0.56%"
"Apr 20, 2019","5,296.6","5,259.1","5,323.0","5,242.9","0.08K","0.71%"
"Apr 19, 2019","5,259.1","5,244.7","5,323.5","5,100.0","0.08K","0.27%"
"Apr 18, 2019","5,244.7","5,206.8","5,279.5","5,191.9","0.08K","0.73%"
"Apr 17, 2019","5,206.8","5,160.7","5,220.8","5,144.2","0.08K","0.89%"
"Apr 16, 2019","5,160.7","5,042.1","5,182.1","5,009.3","0.07K","2.35%"
"Apr 15, 2019","5,042.1","5,129.6","5,165.8","4,958.6","0.07K","-1.71%"
"Apr 14, 2019","5,129.6","5,060.0","5,143.1","5,005.0","0.06K","1.37%"
"Apr 13, 2019","5,060.0","5,058.5","5,106.5","5,007.0","0.07K","0.03%"
"Apr 12, 2019","5,058.5","5,033.2","5,074.9","4,878.0","0.08K","0.50%"
"Apr 11, 2019","5,033.2","5,274.9","5,342.0","4,946.7","0.09K","-4.58%"
"Apr 10, 2019","5,274.9","5,135.6","5,398.1","5,129.8","0.10K","2.71%"
"Apr 09, 2019","5,135.6","5,219.5","5,227.4","5,087.0","0.08K","-1.61%"
"Apr 08, 2019","5,219.5","5,149.5","5,289.9","5,058.6","0.09K","1.36%"
"Apr 07, 2019","5,149.5","5,030.4","5,209.3","5,014.0","0.09K","1.99%"
"Apr 06, 2019","5,048.8","4,996.5","5,180.2","4,932.9","0.08K","1.05%"
"Apr 05, 2019","4,996.5","4,837.3","5,037.4","4,700.0","0.08K","3.29%"
"Apr 04, 2019","4,837.3","4,940.1","5,042.1","4,810.3","0.10K","-1.82%"
"Apr 03, 2019","4,926.8","4,860.1","5,267.9","4,368.9","0.13K","1.37%"
"Apr 02, 2019","4,860.1","4,138.1","4,884.8","4,130.9","0.23K","17.45%"
"Apr 01, 2019","4,138.1","4,097.5","4,165.2","4,059.5","0.09K","0.99%"
"Mar 31, 2019","4,097.5","4,097.0","4,124.3","4,073.0","0.09K","0.01%"
"Mar 30, 2019","4,097.0","4,103.1","4,139.0","4,050.8","0.07K","-0.15%"
"Mar 29, 2019","4,103.1","4,010.4","4,109.6","4,005.0","0.09K","2.31%"
"Mar 28, 2019","4,010.4","4,027.4","4,039.0","4,005.0","0.06K","-0.42%"
"Mar 27, 2019","4,027.4","3,937.4","4,039.0","3,930.5","0.07K","2.28%"
"Mar 26, 2019","3,937.4","3,937.6","3,959.0","3,900.6","0.07K","-0.00%"
"Mar 25, 2019","3,937.6","3,981.9","4,012.6","3,892.7","0.08K","-1.11%"
"Mar 24, 2019","3,981.9","3,990.4","4,016.5","3,966.3","0.07K","-0.21%"
"Mar 23, 2019","3,990.4","3,997.0","4,016.5","3,966.3","0.07K","-0.17%"
"Mar 22, 2019","3,997.0","3,998.8","4,016.5","3,969.4","0.07K","-0.04%"
"Mar 21, 2019","3,998.8","4,036.2","4,061.7","3,909.7","0.07K","-0.93%"
"Mar 20, 2019","4,036.2","3,992.5","4,145.9","3,980.6","0.06K","1.10%"
"Mar 19, 2019","3,992.5","3,992.6","4,028.0","3,962.6","0.06K","-0.00%"
"Mar 18, 2019","3,992.6","3,986.5","4,027.7","3,958.7","0.07K","0.15%"
"Mar 17, 2019","3,986.5","4,018.5","4,018.5","3,945.6","0.07K","-0.54%"
"Mar 16, 2019","4,008.3","3,907.6","4,042.3","3,907.6","0.11K","2.58%"
"Mar 15, 2019","3,907.6","3,865.0","3,944.8","3,840.2","0.08K","1.10%"
"Mar 14, 2019","3,865.0","3,878.5","3,905.7","3,653.5","0.08K","-0.35%"
"Mar 13, 2019","3,878.5","3,879.5","3,892.1","3,843.9","0.08K","-0.03%"
"Mar 12, 2019","3,879.5","3,859.7","3,902.0","3,813.6","0.07K","0.51%"
"Mar 11, 2019","3,859.7","3,909.5","4,000.0","3,825.5","0.07K","-1.27%"
"Mar 10, 2019","3,909.5","3,931.4","3,938.6","3,889.4","0.07K","-0.56%"
"Mar 09, 2019","3,931.4","3,862.3","3,955.4","3,858.4","0.07K","1.79%"
"Mar 08, 2019","3,862.3","3,888.6","3,920.7","3,793.4","0.08K","-0.68%"
"Mar 07, 2019","3,888.6","3,852.0","4,286.0","3,835.4","0.10K","0.95%"
"Mar 06, 2019","3,852.0","3,847.2","3,891.5","3,814.0","0.07K","0.13%"
"Mar 05, 2019","3,847.2","3,710.8","3,865.0","3,701.7","0.08K","3.68%"
"Mar 04, 2019","3,710.8","3,797.8","3,819.3","3,675.1","0.08K","-2.29%"
"Mar 03, 2019","3,797.8","3,813.7","3,839.0","3,792.7","0.07K","-0.42%"
"Mar 02, 2019","3,813.7","3,847.2","3,847.8","3,782.2","0.07K","-0.87%"
"Mar 01, 2019","3,847.2","3,817.8","3,931.3","3,814.0","0.06K","0.77%"
"Feb 28, 2019","3,817.8","3,802.5","3,879.0","3,775.2","0.06K","0.40%"
"Feb 27, 2019","3,802.5","3,810.5","3,843.1","3,695.8","0.06K","-0.21%"
"Feb 26, 2019","3,810.5","3,834.3","3,859.5","3,782.2","0.06K","-0.62%"
"Feb 25, 2019","3,834.3","3,746.9","3,884.0","3,745.4","0.06K","2.33%"
"Feb 24, 2019","3,746.9","4,095.2","4,181.4","3,719.2","0.10K","-8.50%"
"Feb 23, 2019","4,095.2","3,962.8","4,138.7","3,943.5","0.07K","3.34%"
"Feb 22, 2019","3,962.8","3,922.2","3,984.5","3,922.2","0.06K","1.04%"
"Feb 21, 2019","3,922.2","3,967.8","4,005.3","3,912.0","0.07K","-1.15%"
"Feb 20, 2019","3,967.8","3,923.1","3,982.8","3,876.3","0.07K","1.14%"
"Feb 19, 2019","3,923.1","3,862.3","3,994.1","3,856.9","0.08K","1.58%"
"Feb 18, 2019","3,862.3","3,661.9","3,909.6","3,643.0","0.09K","5.47%"
"Feb 17, 2019","3,661.9","3,635.4","3,703.7","3,613.9","0.08K","0.73%"
"Feb 16, 2019","3,635.4","3,614.3","3,652.2","3,589.0","0.08K","0.58%"
"Feb 15, 2019","3,614.3","3,596.6","3,644.9","3,582.4","0.08K","0.49%"
"Feb 14, 2019","3,596.6","3,621.5","3,631.9","3,576.8","0.09K","-0.69%"
"Feb 13, 2019","3,621.5","3,638.2","3,657.6","3,586.5","0.06K","-0.46%"
"Feb 12, 2019","3,638.2","3,638.9","3,655.3","3,586.5","0.08K","-0.02%"
"Feb 11, 2019","3,638.9","3,661.7","3,661.7","3,610.0","0.07K","-0.62%"
"Feb 10, 2019","3,661.7","3,652.2","3,672.7","3,606.6","0.10K","0.26%"
"Feb 09, 2019","3,652.2","3,645.5","3,662.5","3,616.7","0.11K","0.18%"
"Feb 08, 2019","3,645.5","3,415.2","3,705.0","3,377.3","0.10K","6.74%"
"Feb 07, 2019","3,415.2","3,405.5","3,434.3","3,376.2","0.05K","0.29%"
"Feb 06, 2019","3,405.5","3,460.9","3,473.0","3,391.4","0.10K","-1.60%"
"Feb 05, 2019","3,460.9","3,457.2","3,482.7","3,440.0","0.09K","0.11%"
"Feb 04, 2019","3,457.2","3,456.9","3,482.7","3,421.2","0.09K","0.01%"
"Feb 03, 2019","3,456.9","3,496.0","3,509.0","3,436.0","0.10K","-1.12%"
"Feb 02, 2019","3,496.0","3,458.4","3,510.1","3,429.6","0.10K","1.09%"
"Feb 01, 2019","3,458.4","3,427.1","3,487.7","3,388.9","0.11K","0.91%"
"Jan 31, 2019","3,427.1","3,444.0","3,463.3","3,022.7","0.14K","-0.49%"
"Jan 30, 2019","3,444.0","3,399.7","3,473.0","3,092.0","0.15K","1.30%"
"Jan 29, 2019","3,399.7","3,426.3","3,434.3","3,099.4","0.11K","-0.78%"
"Jan 28, 2019","3,426.3","3,529.6","3,541.6","3,381.9","0.10K","-2.93%"
"Jan 27, 2019","3,529.6","3,562.4","3,562.4","2,907.2","0.13K","-0.92%"
"Jan 26, 2019","3,562.4","3,559.6","3,631.9","3,538.0","0.12K","0.08%"
"Jan 25, 2019","3,559.6","3,548.9","3,586.4","486.0","0.14K","0.30%"
"Jan 24, 2019","3,548.9","3,557.2","3,571.5","3,222.0","0.10K","-0.23%"
"Jan 23, 2019","3,557.2","3,586.9","4,840.0","3,146.7","0.16K","-0.83%"
"Jan 22, 2019","3,586.9","3,522.4","3,606.3","3,435.8","0.10K","1.83%"
"Jan 21, 2019","3,522.4","3,558.9","3,571.5","3,500.0","0.10K","-1.03%"
"Jan 20, 2019","3,558.9","3,660.4","3,693.3","3,500.0","0.10K","-2.74%"
"Jan 19, 2019","3,659.3","3,597.9","3,725.6","3,593.3","0.10K","1.71%"
"Jan 18, 2019","3,597.9","3,619.0","3,621.7","3,576.5","0.09K","-0.58%"
"Jan 17, 2019","3,619.0","3,597.3","3,628.7","3,562.7","0.10K","0.60%"
"Jan 16, 2019","3,597.3","3,560.9","3,642.0","3,546.6","0.09K","1.02%"
"Jan 15, 2019","3,560.9","3,641.7","3,662.5","3,536.0","0.09K","-2.06%"
"Jan 14, 2019","3,636.0","3,477.8","3,674.0","3,477.8","0.08K","4.55%"
"Jan 13, 2019","3,477.8","3,611.6","3,621.7","3,468.1","0.12K","-3.70%"
"Jan 12, 2019","3,611.6","3,606.6","3,637.1","3,557.3","0.11K","0.14%"
"Jan 11, 2019","3,606.6","3,601.5","3,645.6","3,536.7","0.11K","0.14%"
"Jan 10, 2019","3,601.5","3,982.9","3,994.1","3,546.6","0.13K","-9.58%"
"Jan 09, 2019","3,982.9","3,971.3","4,016.5","3,942.2","0.10K","0.29%"
"Jan 08, 2019","3,971.3","3,960.7","4,052.6","3,921.4","0.10K","0.27%"
"Jan 07, 2019","3,960.7","4,016.5","4,024.9","3,928.6","0.11K","-1.39%"
"Jan 06, 2019","4,016.5","3,798.0","4,039.0","3,760.1","0.10K","5.75%"
"Jan 05, 2019","3,798.0","3,808.7","3,844.9","3,771.6","0.10K","-0.28%"
"Jan 04, 2019","3,808.7","3,765.6","3,840.8","3,728.3","0.11K","1.14%"
"Jan 03, 2019","3,765.6","3,867.7","3,867.7","3,723.6","0.10K","-2.64%"
"Jan 02, 2019","3,867.7","3,814.8","3,886.9","3,750.6","0.12K","1.39%"
"Jan 01, 2019","3,814.8","3,693.3","3,814.8","3,657.4","0.10K","3.29%"
"Dec 31, 2018","3,693.3","3,808.7","3,808.7","3,657.4","0.11K","-3.03%"
"Dec 30, 2018","3,808.7","3,688.2","3,830.0","3,677.9","0.11K","3.27%"
"Dec 29, 2018","3,688.2","3,830.0","3,873.1","3,688.2","0.11K","-3.70%"
"Dec 28, 2018","3,830.0","3,556.5","3,865.5","3,556.5","0.11K","6.94%"
"Dec 27, 2018","3,581.5","3,771.6","3,799.5","3,536.7","0.12K","-5.04%"
"Dec 26, 2018","3,771.6","3,745.3","3,844.1","3,685.6","0.12K","0.70%"
"Dec 25, 2018","3,745.3","4,042.0","4,042.0","3,656.9","0.13K","-7.34%"
"Dec 24, 2018","4,042.0","3,910.8","4,188.1","3,910.8","0.12K","3.36%"
"Dec 23, 2018","3,910.8","3,949.2","4,016.0","3,889.0","0.11K","-0.97%"
"Dec 22, 2018","3,949.2","3,825.0","3,954.8","3,792.3","0.10K","3.25%"
"Dec 21, 2018","3,825.0","4,061.2","4,129.9","3,760.6","0.11K","-5.82%"
"Dec 20, 2018","4,061.2","3,683.3","4,118.4","3,656.9","0.13K","10.26%"
"Dec 19, 2018","3,683.3","3,614.1","3,905.3","3,587.8","0.15K","1.91%"
"Dec 18, 2018","3,614.1","3,517.2","3,618.5","3,435.8","0.14K","2.76%"
"Dec 17, 2018","3,517.2","3,226.9","3,591.1","3,213.6","0.12K","9.00%"
"Dec 16, 2018","3,226.9","3,218.6","3,286.6","3,196.7","0.10K","0.26%"
"Dec 15, 2018","3,218.6","3,222.1","3,259.7","3,162.1","0.11K","-0.11%"
"Dec 14, 2018","3,222.1","3,308.1","3,428.0","3,183.2","0.12K","-2.60%"
"Dec 13, 2018","3,308.1","3,445.6","3,451.1","3,249.5","0.11K","-3.99%"
"Dec 12, 2018","3,445.6","3,401.6","3,515.3","3,365.8","0.11K","1.29%"
"Dec 11, 2018","3,401.6","3,427.9","3,456.8","3,338.1","0.11K","-0.77%"
"Dec 10, 2018","3,427.9","3,552.2","3,596.7","3,394.6","0.12K","-3.50%"
"Dec 09, 2018","3,552.2","3,423.2","3,646.4","3,404.0","0.12K","3.77%"
"Dec 08, 2018","3,423.2","3,387.5","3,485.9","3,300.0","0.10K","1.05%"
"Dec 07, 2018","3,387.5","3,513.2","3,843.9","3,237.0","0.11K","-3.58%"
"Dec 06, 2018","3,513.2","3,772.0","3,897.0","3,513.2","0.08K","-6.86%"
"Dec 05, 2018","3,772.0","3,963.2","3,972.0","3,754.4","0.07K","-4.82%"
"Dec 04, 2018","3,963.2","3,925.1","4,081.4","3,801.0","0.08K","0.97%"
"Dec 03, 2018","3,925.1","4,171.4","4,181.1","3,750.0","0.09K","-5.91%"
"Dec 02, 2018","4,171.4","4,218.3","4,312.3","4,115.8","0.06K","-1.11%"
"Dec 01, 2018","4,218.3","4,053.0","4,373.3","3,980.0","0.07K","4.08%"
"Nov 30, 2018","4,053.0","4,292.6","4,346.6","3,948.2","0.08K","-5.58%"
"Nov 29, 2018","4,292.6","4,252.7","4,450.1","4,147.8","0.08K","0.53%"
"Nov 28, 2018","4,270.0","3,878.8","4,396.9","3,878.8","0.11K","10.09%"
"Nov 27, 2018","3,878.8","3,866.3","3,933.6","3,715.6","0.07K","0.32%"
"Nov 26, 2018","3,866.3","4,094.3","4,171.9","3,702.2","0.09K","-5.57%"
"Nov 25, 2018","4,094.3","3,958.6","4,216.3","3,655.5","0.07K","3.94%"
"Nov 24, 2018","3,938.9","4,421.7","4,508.9","3,828.5","0.10K","-10.92%"
"Nov 23, 2018","4,421.7","4,376.6","4,466.6","4,203.3","0.09K","0.65%"
"Nov 22, 2018","4,393.2","4,657.8","4,702.3","4,366.2","0.08K","-5.78%"
"Nov 21, 2018","4,662.6","4,563.5","4,781.6","4,392.4","0.09K","2.17%"
"Nov 20, 2018","4,563.5","4,922.8","5,030.8","4,340.8","0.09K","-7.30%"
"Nov 19, 2018","4,922.8","5,647.1","5,658.4","4,868.1","0.09K","-12.81%"
"Nov 18, 2018","5,645.8","5,613.9","5,717.1","5,613.9","0.07K","0.60%"
"Nov 17, 2018","5,612.0","5,652.3","5,669.3","5,551.7","0.07K","-0.71%"
"Nov 16, 2018","5,652.3","5,749.1","5,765.6","5,567.2","0.08K","-1.38%"
"Nov 15, 2018","5,731.7","5,862.2","5,906.9","5,428.8","0.07K","-2.23%"
"Nov 14, 2018","5,862.2","6,464.4","6,988.0","5,677.2","0.07K","-9.32%"
"Nov 13, 2018","6,464.4","6,437.1","6,514.9","6,404.5","0.08K","0.57%"
"Nov 12, 2018","6,428.0","6,450.3","6,479.4","6,411.2","0.07K","-0.35%"
"Nov 11, 2018","6,450.3","6,452.3","6,464.2","6,377.1","0.08K","-0.13%"
"Nov 10, 2018","6,458.5","6,414.9","6,480.8","6,414.9","0.07K","0.68%"
"Nov 09, 2018","6,414.9","6,489.9","6,522.9","6,412.0","0.08K","-1.16%"
"Nov 08, 2018","6,489.9","6,554.9","6,589.7","6,470.2","0.08K","-0.99%"
"Nov 07, 2018","6,554.9","6,491.7","6,603.0","6,491.7","0.08K","1.00%"
"Nov 06, 2018","6,490.2","6,438.0","6,637.8","6,425.0","0.08K","0.81%"
"Nov 05, 2018","6,438.0","6,452.3","6,486.5","6,425.0","0.08K","-0.28%"
"Nov 04, 2018","6,456.3","6,372.3","6,486.5","6,349.6","0.08K","1.22%"
"Nov 03, 2018","6,378.7","6,395.8","6,425.2","6,354.3","0.08K","-0.27%"
"Nov 02, 2018","6,395.8","6,384.9","6,436.8","6,377.6","0.07K","0.04%"
"Nov 01, 2018","6,393.0","6,372.9","6,417.8","6,285.3","0.10K","0.00%"
"Oct 31, 2018","6,392.8","6,360.2","6,404.8","6,284.4","0.08K","0.51%"
"Oct 30, 2018","6,360.2","6,362.0","6,394.0","6,300.6","0.09K","-0.03%"
"Oct 29, 2018","6,362.0","6,500.4","6,511.8","6,351.2","0.10K","-2.11%"
"Oct 28, 2018","6,499.4","6,518.3","6,550.9","6,477.6","0.09K","-0.29%"
"Oct 27, 2018","6,518.3","6,562.4","6,767.0","6,490.9","0.10K","-0.67%"
"Oct 26, 2018","6,562.4","6,574.6","6,590.4","6,518.3","0.07K","-0.19%"
"Oct 25, 2018","6,574.6","6,588.6","6,615.0","6,518.3","0.09K","-0.21%"
"Oct 24, 2018","6,588.6","6,558.2","6,638.9","6,542.7","0.09K","0.46%"
"Oct 23, 2018","6,558.2","6,585.9","6,638.9","6,527.2","0.09K","-0.67%"
"Oct 22, 2018","6,602.2","6,609.8","6,638.9","6,562.3","0.10K","-0.12%"
"Oct 21, 2018","6,609.8","6,583.2","6,665.6","6,583.0","0.10K","0.40%"
"Oct 20, 2018","6,583.2","6,546.5","6,766.1","6,533.6","0.09K","0.56%"
"Oct 19, 2018","6,546.5","6,730.6","6,730.6","6,533.6","0.06K","-2.74%"
"Oct 18, 2018","6,730.6","6,754.1","6,779.6","6,705.5","0.10K","-0.35%"
"Oct 17, 2018","6,754.1","6,749.4","6,820.4","6,700.0","0.10K","0.07%"
"Oct 16, 2018","6,749.4","6,752.5","6,861.4","6,697.0","0.10K","-0.05%"
"Oct 15, 2018","6,752.5","6,347.0","7,200.0","6,318.3","0.15K","6.39%"
"Oct 14, 2018","6,347.0","6,335.0","6,415.6","6,315.4","0.10K","0.19%"
"Oct 13, 2018","6,335.0","6,327.1","6,353.0","6,281.1","0.09K","0.12%"
"Oct 12, 2018","6,327.1","6,301.8","6,359.2","6,134.3","0.10K","0.40%"
"Oct 11, 2018","6,301.8","6,610.8","6,625.6","6,216.8","0.11K","-4.68%"
"Oct 10, 2018","6,610.8","6,642.2","6,665.3","6,481.7","0.10K","-0.47%"
"Oct 09, 2018","6,642.2","6,652.0","6,670.2","6,614.9","0.09K","-0.15%"
"Oct 08, 2018","6,652.0","6,605.4","6,821.7","6,573.0","0.10K","0.71%"
"Oct 07, 2018","6,605.4","6,581.4","6,617.0","6,535.0","0.06K","0.36%"
"Oct 06, 2018","6,581.4","6,636.2","6,656.4","6,535.0","0.05K","-0.83%"
"Oct 05, 2018","6,636.2","6,576.9","6,663.3","6,551.2","0.04K","0.90%"
"Oct 04, 2018","6,576.9","6,485.1","6,591.0","6,466.7","0.04K","1.42%"
"Oct 03, 2018","6,485.1","6,534.9","6,551.5","6,350.0","0.04K","-0.76%"
"Oct 02, 2018","6,534.9","6,576.2","6,622.2","6,516.9","0.03K","-0.63%"
"Oct 01, 2018","6,576.2","6,619.2","6,693.3","6,512.1","0.04K","-0.65%"
"Sep 30, 2018","6,619.2","6,600.8","6,638.1","6,346.6","0.05K","0.28%"
"Sep 29, 2018","6,600.8","6,639.7","6,639.7","6,300.0","0.03K","-0.59%"
"Sep 28, 2018","6,639.7","6,661.6","6,758.5","6,550.0","0.05K","-0.33%"
"Sep 27, 2018","6,661.6","6,457.7","6,700.0","6,277.8","0.05K","3.16%"
"Sep 26, 2018","6,457.7","6,411.6","6,524.9","6,379.5","0.05K","0.72%"
"Sep 25, 2018","6,411.6","6,592.9","6,592.9","6,312.5","0.05K","-2.75%"
"Sep 24, 2018","6,592.9","6,691.9","6,706.0","6,547.3","0.05K","-1.48%"
"Sep 23, 2018","6,691.9","6,702.5","6,749.0","6,616.2","0.05K","-0.28%"
"Sep 22, 2018","6,710.5","6,687.2","6,788.4","6,604.6","0.05K","0.35%"
"Sep 21, 2018","6,687.2","6,482.9","6,737.0","6,452.8","0.05K","3.15%"
"Sep 20, 2018","6,482.9","6,401.3","6,510.0","6,351.6","0.04K","1.27%"
"Sep 19, 2018","6,401.3","6,301.2","6,503.1","6,143.3","0.05K","1.59%"
"Sep 18, 2018","6,301.2","6,231.3","6,389.1","6,226.6","0.04K","1.12%"
"Sep 17, 2018","6,231.3","6,519.0","6,529.8","6,198.7","0.05K","-4.41%"
"Sep 16, 2018","6,519.0","6,502.7","6,545.3","6,396.7","0.05K","0.25%"
"Sep 15, 2018","6,502.7","6,465.6","6,600.0","6,447.6","0.05K","0.57%"
"Sep 14, 2018","6,465.6","6,506.4","6,685.0","6,396.7","0.05K","-0.63%"
"Sep 13, 2018","6,506.4","6,315.6","6,681.1","6,307.7","0.05K","3.02%"
"Sep 12, 2018","6,315.6","6,291.7","6,371.1","6,204.8","0.05K","0.38%"
"Sep 11, 2018","6,291.7","6,333.7","6,384.5","6,101.0","0.04K","-0.66%"
"Sep 10, 2018","6,333.7","6,296.2","6,377.7","6,159.0","0.05K","1.15%"
"Sep 09, 2018","6,261.4","6,243.7","6,424.8","6,160.0","0.06K","0.28%"
"Sep 08, 2018","6,243.7","6,437.9","6,751.6","5,849.6","0.06K","-2.97%"
"Sep 07, 2018","6,434.7","6,495.4","6,537.4","6,322.5","0.06K","-0.93%"
"Sep 06, 2018","6,495.4","6,709.0","6,724.0","6,322.1","0.06K","-3.18%"
"Sep 05, 2018","6,709.0","7,355.5","7,395.9","6,709.0","0.05K","-8.79%"
"Sep 04, 2018","7,355.5","7,250.0","7,406.9","7,245.0","0.04K","1.46%"
"Sep 03, 2018","7,250.0","7,254.7","7,310.4","7,197.9","0.04K","-0.06%"
"Sep 02, 2018","7,254.7","7,197.9","7,336.0","7,122.1","0.05K","0.79%"
"Sep 01, 2018","7,197.9","7,015.9","7,250.0","6,987.1","0.06K","2.59%"
"Aug 31, 2018","7,015.9","6,961.4","7,066.1","6,800.0","0.06K","0.78%"
"Aug 30, 2018","6,961.4","7,029.7","7,065.6","6,653.6","0.05K","-0.97%"
"Aug 29, 2018","7,029.7","7,066.2","7,138.8","6,600.0","0.06K","-0.16%"
"Aug 28, 2018","7,040.8","6,873.3","7,129.7","6,816.3","0.06K","2.44%"
"Aug 27, 2018","6,873.3","6,684.9","6,900.0","6,657.3","0.04K","2.82%"
"Aug 26, 2018","6,684.9","6,712.7","6,736.2","6,548.0","0.04K","-0.41%"
"Aug 25, 2018","6,712.7","6,698.4","6,761.3","6,646.8","0.04K","0.21%"
"Aug 24, 2018","6,698.4","6,525.8","6,711.4","6,478.2","0.04K","2.65%"
"Aug 23, 2018","6,525.8","6,364.2","6,561.0","6,364.2","0.04K","2.54%"
"Aug 22, 2018","6,364.2","6,443.0","6,865.9","6,200.0","0.05K","-1.22%"
"Aug 21, 2018","6,443.0","6,266.2","6,472.0","6,250.0","0.03K","2.82%"
"Aug 20, 2018","6,266.2","6,492.7","6,516.9","6,235.4","0.05K","-3.49%"
"Aug 19, 2018","6,492.7","6,409.0","6,515.4","6,329.2","0.05K","1.31%"
"Aug 18, 2018","6,409.0","6,548.0","6,592.0","6,301.1","0.05K","-2.12%"
"Aug 17, 2018","6,548.0","6,313.7","6,572.9","6,290.0","0.05K","3.71%"
"Aug 16, 2018","6,313.7","6,276.6","6,447.4","6,227.9","0.05K","0.59%"
"Aug 15, 2018","6,276.6","6,177.8","6,599.1","6,163.0","0.05K","1.60%"
"Aug 14, 2018","6,177.8","6,277.8","6,277.8","5,886.0","0.05K","-1.59%"
"Aug 13, 2018","6,277.8","6,327.9","6,510.8","6,163.0","0.05K","-0.93%"
"Aug 12, 2018","6,336.6","6,239.0","6,439.7","6,184.5","0.05K","1.67%"
"Aug 11, 2018","6,232.7","6,140.7","6,474.0","6,014.1","0.05K","1.50%"
"Aug 10, 2018","6,140.7","6,536.1","6,788.0","6,035.1","0.06K","-6.19%"
"Aug 09, 2018","6,545.8","6,275.7","6,622.2","6,206.2","0.05K","4.25%"
"Aug 08, 2018","6,279.1","6,709.8","6,714.7","6,141.5","0.06K","-6.42%"
"Aug 07, 2018","6,709.8","6,910.4","7,436.2","6,696.0","0.07K","-2.90%"
"Aug 06, 2018","6,910.4","7,010.4","7,151.3","6,850.0","0.05K","-1.43%"
"Aug 05, 2018","7,010.4","6,986.9","7,076.7","6,900.0","0.05K","0.34%"
"Aug 04, 2018","6,986.9","7,383.6","7,475.0","6,964.6","0.05K","-5.37%"
"Aug 03, 2018","7,383.6","7,577.6","7,608.5","7,315.5","0.05K","-2.56%"
"Aug 02, 2018","7,577.6","7,607.3","7,695.7","7,147.8","0.05K","-0.39%"
"Aug 01, 2018","7,607.3","7,735.9","7,766.3","7,468.7","0.05K","-1.66%"
"Jul 31, 2018","7,735.9","8,178.1","8,178.1","7,665.0","0.06K","-5.41%"
"Jul 30, 2018","8,178.1","8,218.1","8,371.7","7,843.1","0.05K","-0.58%"
"Jul 29, 2018","8,225.6","8,195.2","8,269.4","8,122.0","0.05K","0.37%"
"Jul 28, 2018","8,195.2","8,168.3","8,252.7","8,065.4","0.05K","0.33%"
"Jul 27, 2018","8,168.3","7,953.4","8,252.7","7,802.7","0.06K","2.70%"
"Jul 26, 2018","7,953.4","8,161.3","8,300.0","7,880.3","0.06K","-2.55%"
"Jul 25, 2018","8,161.3","8,381.4","8,815.0","8,065.4","0.06K","-2.97%"
"Jul 24, 2018","8,410.8","7,772.9","8,486.6","7,730.0","0.07K","8.44%"
"Jul 23, 2018","7,756.2","7,413.4","7,788.5","7,401.8","0.06K","4.62%"
"Jul 22, 2018","7,413.4","7,452.5","7,905.0","7,162.0","0.07K","-0.52%"
"Jul 21, 2018","7,452.5","7,393.6","7,452.5","7,250.0","0.06K","1.17%"
"Jul 20, 2018","7,366.1","7,434.2","7,891.0","7,288.2","0.06K","-0.92%"
"Jul 19, 2018","7,434.2","7,374.1","7,536.1","7,262.5","0.06K","0.82%"
"Jul 18, 2018","7,374.1","7,329.5","7,588.9","7,245.4","0.06K","0.61%"
"Jul 17, 2018","7,329.5","6,670.6","7,400.0","6,632.1","0.06K","9.88%"
"Jul 16, 2018","6,670.6","6,282.8","6,692.0","6,249.7","0.06K","6.17%"
"Jul 15, 2018","6,282.8","6,235.4","6,372.5","6,206.3","0.07K","0.76%"
"Jul 14, 2018","6,235.4","6,154.0","6,250.0","5,750.0","0.06K","1.32%"
"Jul 13, 2018","6,154.0","6,251.9","6,386.0","5,708.3","0.06K","-1.57%"
"Jul 12, 2018","6,251.9","6,345.2","6,372.5","6,112.1","0.05K","-1.47%"
"Jul 11, 2018","6,345.2","6,302.9","6,409.2","5,924.4","0.05K","0.67%"
"Jul 10, 2018","6,302.9","6,664.1","6,678.0","6,297.8","0.05K","-5.42%"
"Jul 09, 2018","6,664.1","6,686.1","6,899.0","6,639.9","0.05K","-0.33%"
"Jul 08, 2018","6,686.1","6,740.3","6,770.3","6,262.6","0.05K","-0.80%"
"Jul 07, 2018","6,740.3","6,576.3","6,770.6","6,509.2","0.04K","2.49%"
"Jul 06, 2018","6,576.3","6,536.8","6,890.0","6,463.8","0.05K","0.61%"
"Jul 05, 2018","6,536.8","6,582.1","7,065.2","5,936.9","0.05K","-0.69%"
"Jul 04, 2018","6,582.1","6,498.3","6,721.1","6,418.8","0.05K","1.29%"
"Jul 03, 2018","6,498.3","6,599.5","6,660.3","6,450.4","0.05K","-1.53%"
"Jul 02, 2018","6,599.5","6,351.9","6,649.0","6,285.7","0.04K","3.90%"
"Jul 01, 2018","6,351.9","6,364.6","6,431.6","6,201.7","0.04K","-0.20%"
"Jun 30, 2018","6,364.6","6,205.4","6,499.4","5,772.2","0.05K","2.65%"
"Jun 29, 2018","6,200.5","5,856.1","6,268.9","5,811.1","0.04K","5.88%"
"Jun 28, 2018","5,856.1","6,106.1","6,124.6","5,856.1","0.04K","-4.09%"
"Jun 27, 2018","6,106.1","6,059.5","6,126.1","6,006.6","0.04K","0.77%"
"Jun 26, 2018","6,059.5","6,252.1","6,255.1","6,048.7","0.04K","-2.58%"
"Jun 25, 2018","6,220.1","6,133.1","6,329.5","5,050.5","0.04K","1.42%"
"Jun 24, 2018","6,133.1","6,217.9","6,488.7","5,276.3","0.06K","-0.71%"
"Jun 23, 2018","6,176.8","6,074.9","6,254.3","6,048.7","0.04K","2.03%"
"Jun 22, 2018","6,053.7","6,695.2","6,722.7","5,985.6","0.05K","-9.87%"
"Jun 21, 2018","6,716.6","6,739.0","6,791.6","6,658.6","0.04K","-0.33%"
"Jun 20, 2018","6,739.0","6,688.9","6,777.7","6,554.8","0.05K","0.75%"
"Jun 19, 2018","6,688.9","6,686.1","6,810.3","6,656.4","0.05K","0.04%"
"Jun 18, 2018","6,686.1","6,489.4","6,799.0","6,396.4","0.05K","3.03%"
"Jun 17, 2018","6,489.4","6,495.7","6,586.5","6,441.3","0.05K","-0.16%"
"Jun 16, 2018","6,499.8","6,431.5","6,545.0","6,336.0","0.05K","1.06%"
"Jun 15, 2018","6,431.5","6,624.9","6,650.0","6,386.4","0.04K","-2.73%"
"Jun 14, 2018","6,611.9","6,307.7","6,691.2","6,304.4","0.04K","4.82%"
"Jun 13, 2018","6,307.7","6,585.4","6,625.1","5,050.0","0.05K","-4.35%"
"Jun 12, 2018","6,594.4","6,871.0","7,249.0","6,497.4","0.05K","-4.03%"
"Jun 11, 2018","6,871.0","6,745.5","6,933.0","6,700.0","0.05K","1.86%"
"Jun 10, 2018","6,745.5","7,487.8","7,487.8","5,500.0","0.06K","-9.72%"
"Jun 09, 2018","7,472.0","7,643.4","7,691.0","7,469.5","0.05K","-2.24%"
"Jun 08, 2018","7,643.4","7,625.9","7,690.6","7,548.2","0.04K","-0.19%"
"Jun 07, 2018","7,657.7","7,617.0","7,726.1","7,544.9","0.05K","0.53%"
"Jun 06, 2018","7,617.0","7,581.5","7,672.3","7,479.3","0.05K","0.40%"
"Jun 05, 2018","7,587.0","7,507.3","7,637.2","7,356.4","0.05K","1.06%"
"Jun 04, 2018","7,507.3","7,693.2","7,718.3","7,453.3","0.04K","-2.42%"
"Jun 03, 2018","7,693.2","7,589.4","7,747.2","7,588.5","0.05K","1.37%"
"Jun 02, 2018","7,589.4","7,513.1","7,672.3","7,446.0","0.02K","1.02%"
"Jun 01, 2018","7,513.1","7,486.9","7,592.3","7,351.0","0.01K","0.35%"
"May 31, 2018","7,486.9","7,388.4","7,723.0","7,368.3","0.02K","1.33%"
"May 30, 2018","7,388.4","7,420.0","8,017.0","7,308.5","0.05K","-0.43%"
"May 29, 2018","7,420.0","7,108.7","7,513.1","7,093.1","0.05K","3.97%"
"May 28, 2018","7,136.6","7,345.1","7,426.1","7,103.1","0.05K","-3.28%"
"May 27, 2018","7,378.4","7,397.0","7,592.3","7,308.5","0.05K","-0.25%"
"May 26, 2018","7,397.0","7,457.4","7,611.2","7,350.0","0.05K","-0.81%"
"May 25, 2018","7,457.4","7,574.5","7,644.1","7,095.1","0.05K","-1.55%"
"May 24, 2018","7,574.5","7,529.5","7,762.2","7,095.1","0.05K","0.60%"
"May 23, 2018","7,529.5","8,002.0","8,045.2","7,500.0","0.05K","-5.90%"
"May 22, 2018","8,002.0","8,420.6","8,427.1","8,002.0","0.04K","-4.97%"
"May 21, 2018","8,420.6","8,543.9","8,619.9","8,336.5","0.05K","-1.44%"
"May 20, 2018","8,543.9","8,222.0","8,550.0","8,183.1","0.05K","3.75%"
"May 19, 2018","8,234.8","8,213.6","8,429.8","8,122.8","0.05K","0.26%"
"May 18, 2018","8,213.6","8,082.7","8,249.8","7,966.3","0.04K","1.62%"
"May 17, 2018","8,082.7","8,318.5","8,424.3","8,050.0","0.05K","-2.83%"
"May 16, 2018","8,318.5","8,480.4","8,495.8","8,135.1","0.05K","-1.91%"
"May 15, 2018","8,480.4","8,639.0","8,944.0","8,424.3","0.05K","-1.84%"
"May 14, 2018","8,639.0","8,693.5","8,881.0","8,305.5","0.06K","-0.28%"
"May 13, 2018","8,663.1","8,424.3","8,730.0","8,347.7","0.06K","2.83%"
"May 12, 2018","8,424.3","8,447.6","8,949.0","8,200.0","0.06K","-0.28%"
"May 11, 2018","8,447.6","9,100.5","9,100.5","8,400.0","0.06K","-6.76%"
"May 10, 2018","9,060.0","9,302.2","9,406.7","9,060.0","0.05K","-2.81%"
"May 09, 2018","9,321.9","9,201.6","9,392.1","9,020.0","0.05K","1.31%"
"May 08, 2018","9,201.6","9,340.1","9,449.5","9,084.0","0.05K","-1.69%"
"May 07, 2018","9,359.3","9,657.4","9,687.0","9,241.1","0.05K","-3.09%"
"May 06, 2018","9,657.4","9,875.1","9,932.1","9,472.2","0.05K","-2.20%"
"May 05, 2018","9,875.1","9,693.8","9,966.0","9,672.8","0.05K","1.87%"
"May 04, 2018","9,693.8","9,751.3","9,794.2","9,374.0","0.06K","-0.59%"
"May 03, 2018","9,751.3","9,212.6","9,771.0","9,155.8","0.05K","5.59%"
"May 02, 2018","9,235.3","9,020.0","9,261.7","8,993.0","0.05K","2.39%"
"May 01, 2018","9,020.0","9,284.8","9,284.8","8,860.0","0.04K","-2.85%"
"Apr 30, 2018","9,284.8","9,405.5","9,500.0","9,183.4","0.05K","-1.28%"
"Apr 29, 2018","9,405.5","9,405.7","9,560.0","9,190.0","0.06K","-0.00%"
"Apr 28, 2018","9,405.7","8,957.2","9,624.6","8,925.9","0.05K","5.01%"
"Apr 27, 2018","8,957.2","9,260.3","9,421.0","8,957.2","0.06K","-3.27%"
"Apr 26, 2018","9,260.3","8,835.9","9,261.7","8,710.3","0.05K","4.80%"
"Apr 25, 2018","8,835.9","9,658.3","9,750.0","8,820.0","0.07K","-8.51%"
"Apr 24, 2018","9,658.3","8,900.1","9,658.3","8,832.9","0.05K","8.52%"
"Apr 23, 2018","8,900.1","8,819.6","8,970.0","8,650.0","0.06K","0.91%"
"Apr 22, 2018","8,819.6","8,902.6","9,069.6","8,441.0","0.05K","-0.93%"
"Apr 21, 2018","8,902.6","8,748.1","8,975.0","8,470.2","0.06K","1.77%"
"Apr 20, 2018","8,748.1","8,241.9","8,819.6","8,208.0","0.05K","6.14%"
"Apr 19, 2018","8,241.9","8,126.4","8,300.0","8,094.1","0.05K","1.42%"
"Apr 18, 2018","8,126.4","7,954.2","8,192.8","7,871.0","0.05K","2.16%"
"Apr 17, 2018","7,954.2","8,046.0","8,277.0","7,808.6","0.06K","-1.14%"
"Apr 16, 2018","8,046.0","8,327.6","8,496.0","7,901.1","0.05K","-3.38%"
"Apr 15, 2018","8,327.6","8,003.4","8,350.1","7,990.3","0.06K","4.05%"
"Apr 14, 2018","8,003.4","7,836.6","8,505.0","7,788.9","0.05K","2.13%"
"Apr 13, 2018","7,836.6","7,879.5","8,389.0","7,692.0","0.06K","-0.54%"
"Apr 12, 2018","7,879.5","6,940.0","7,942.0","6,446.0","0.06K","13.54%"
"Apr 11, 2018","6,940.0","6,838.4","6,978.9","6,670.0","0.05K","1.49%"
"Apr 10, 2018","6,838.4","6,775.5","6,885.0","6,691.5","0.03K","0.93%"
"Apr 09, 2018","6,775.5","6,939.7","7,200.0","6,700.0","0.04K","-2.37%"
"Apr 08, 2018","6,939.7","6,853.8","7,041.0","6,809.4","0.05K","1.25%"
"Apr 07, 2018","6,853.8","6,575.7","7,071.9","6,551.3","0.06K","4.23%"
"Apr 06, 2018","6,575.7","6,762.0","6,846.9","6,512.5","0.04K","-2.76%"
"Apr 05, 2018","6,762.0","6,743.7","6,919.0","6,450.0","0.04K","0.27%"
"Apr 04, 2018","6,743.7","7,289.4","7,330.3","6,730.0","0.05K","-7.49%"
"Apr 03, 2018","7,289.4","6,995.6","7,499.0","6,953.7","0.05K","4.20%"
"Apr 02, 2018","6,995.6","6,799.2","7,066.7","6,799.2","0.02K","2.89%"
"Apr 01, 2018","6,799.2","6,944.3","7,065.6","6,450.0","0.02K","-2.09%"
"Mar 31, 2018","6,944.3","6,839.2","7,239.0","6,733.0","0.06K","1.54%"
"Mar 30, 2018","6,839.2","7,143.5","7,302.4","6,305.0","0.05K","-4.26%"
"Mar 29, 2018","7,143.5","7,957.1","7,984.7","7,002.4","0.05K","-10.22%"
"Mar 28, 2018","7,957.1","7,813.4","8,107.8","7,721.5","0.04K","1.84%"
"Mar 27, 2018","7,813.4","8,227.3","8,370.0","7,800.0","0.05K","-5.03%"
"Mar 26, 2018","8,227.3","8,436.3","8,720.8","7,800.0","0.05K","-2.48%"
"Mar 25, 2018","8,436.3","8,538.0","8,898.0","8,405.0","0.05K","-1.19%"
"Mar 24, 2018","8,538.0","8,858.1","8,960.5","8,538.0","0.05K","-3.61%"
"Mar 23, 2018","8,858.1","8,728.4","8,858.1","8,000.1","0.05K","1.49%"
"Mar 22, 2018","8,728.4","8,875.0","9,054.5","8,485.0","0.03K","-1.65%"
"Mar 21, 2018","8,875.0","8,902.2","9,267.5","8,669.9","0.04K","-0.31%"
"Mar 20, 2018","8,902.2","8,473.3","9,023.3","8,234.7","0.05K","5.06%"
"Mar 19, 2018","8,473.3","8,070.0","8,622.6","7,951.9","0.05K","5.00%"
"Mar 18, 2018","8,070.0","7,817.9","8,211.0","7,175.8","0.05K","3.22%"
"Mar 17, 2018","7,817.9","8,223.4","8,282.8","7,675.9","0.05K","-4.93%"
"Mar 16, 2018","8,223.4","8,182.9","8,503.0","7,913.3","0.06K","0.49%"
"Mar 15, 2018","8,182.9","8,259.4","8,443.8","7,655.3","0.05K","-0.93%"
"Mar 14, 2018","8,259.4","9,214.0","9,450.0","7,777.9","0.06K","-10.36%"
"Mar 13, 2018","9,214.0","9,113.0","9,440.7","8,940.8","0.05K","1.11%"
"Mar 12, 2018","9,113.0","9,478.8","9,800.0","8,751.0","0.06K","-3.86%"
"Mar 11, 2018","9,478.8","8,784.4","9,664.4","8,543.8","0.06K","7.90%"
"Mar 10, 2018","8,784.4","9,295.0","9,640.7","8,717.0","0.05K","-5.49%"
"Mar 09, 2018","9,295.0","9,324.0","9,578.0","8,400.0","0.06K","-0.31%"
"Mar 08, 2018","9,324.0","10,113.0","10,718.0","8,632.0","0.08K","-7.80%"
"Mar 07, 2018","10,113.0","10,716.7","11,650.0","8,889.0","0.07K","-5.63%"
"Mar 06, 2018","10,716.7","11,573.1","11,573.1","10,655.0","0.05K","-7.40%"
"Mar 05, 2018","11,573.1","11,292.0","11,600.0","11,230.0","0.06K","2.49%"
"Mar 04, 2018","11,292.0","11,362.3","11,401.0","11,026.0","0.05K","-0.62%"
"Mar 03, 2018","11,362.3","11,037.4","11,521.0","10,982.0","0.05K","2.94%"
"Mar 02, 2018","11,037.4","10,853.0","11,105.0","10,647.5","0.05K","1.70%"
"Mar 01, 2018","10,853.0","10,371.0","10,980.0","10,317.9","0.05K","4.65%"
"Feb 28, 2018","10,371.0","10,610.3","10,900.0","10,317.9","0.05K","-2.26%"
"Feb 27, 2018","10,610.3","10,300.5","10,900.0","10,160.0","0.02K","3.01%"
"Feb 26, 2018","10,300.5","9,532.5","10,368.0","9,323.6","0.01K","8.06%"
"Feb 25, 2018","9,532.5","9,639.4","9,844.9","9,194.2","0.01K","-1.11%"
"Feb 24, 2018","9,639.4","10,171.0","10,511.0","9,460.0","0.02K","-5.23%"
"Feb 23, 2018","10,171.0","9,983.5","11,286.0","9,756.9","0.03K","1.88%"
"Feb 22, 2018","9,983.5","10,455.5","10,932.8","9,771.4","0.04K","-4.51%"
"Feb 21, 2018","10,455.5","11,501.1","11,521.1","10,000.0","0.05K","-9.09%"
"Feb 20, 2018","11,501.1","10,970.0","11,900.0","10,911.1","0.05K","4.84%"
"Feb 19, 2018","10,970.0","10,480.6","11,440.9","10,317.9","0.05K","4.67%"
"Feb 18, 2018","10,480.6","10,974.0","11,215.0","10,033.5","0.05K","-4.50%"
"Feb 17, 2018","10,974.0","10,050.0","11,048.0","10,012.7","0.05K","9.19%"
"Feb 16, 2018","10,050.0","9,977.7","10,188.3","9,675.8","0.04K","0.72%"
"Feb 15, 2018","9,977.7","9,300.0","10,290.0","9,241.9","0.05K","7.29%"
"Feb 14, 2018","9,300.0","8,600.0","9,753.0","8,566.2","0.05K","8.14%"
"Feb 13, 2018","8,600.0","8,847.8","9,298.0","8,345.4","0.05K","-2.80%"
"Feb 12, 2018","8,847.8","8,087.1","9,030.0","8,087.1","0.05K","9.41%"
"Feb 11, 2018","8,087.1","8,534.2","8,539.2","7,809.4","0.06K","-5.24%"
"Feb 10, 2018","8,534.2","8,436.5","9,100.0","8,258.4","0.05K","1.16%"
"Feb 09, 2018","8,436.5","8,205.7","8,659.3","7,947.0","0.05K","2.81%"
"Feb 08, 2018","8,205.7","7,674.1","8,450.1","7,674.1","0.05K","6.93%"
"Feb 07, 2018","7,674.1","7,626.0","8,420.7","7,206.4","0.06K","0.63%"
"Feb 06, 2018","7,626.0","6,927.2","7,734.3","5,843.5","0.06K","10.09%"
"Feb 05, 2018","6,927.2","8,433.3","8,629.1","6,422.1","0.06K","-17.86%"
"Feb 04, 2018","8,433.3","9,218.0","9,381.9","7,647.8","0.05K","-8.51%"
"Feb 03, 2018","9,218.0","9,063.4","9,549.3","8,477.8","0.05K","1.71%"
"Feb 02, 2018","9,063.4","8,856.1","9,900.0","8,121.7","0.05K","2.34%"
"Feb 01, 2018","8,856.1","10,215.7","10,985.0","8,856.1","0.05K","-13.31%"
"Jan 31, 2018","10,215.7","10,364.0","11,419.0","9,938.4","0.05K","-1.43%"
"Jan 30, 2018","10,364.0","11,384.0","11,451.8","10,053.0","0.05K","-8.96%"
"Jan 29, 2018","11,384.0","11,874.7","11,961.4","11,114.0","0.05K","-4.13%"
"Jan 28, 2018","11,874.7","11,380.3","12,237.9","11,330.0","0.07K","4.34%"
"Jan 27, 2018","11,380.3","10,998.6","12,000.0","10,921.5","0.06K","3.47%"
"Jan 26, 2018","10,998.6","11,255.7","11,579.2","9,823.5","0.06K","-2.28%"
"Jan 25, 2018","11,255.7","11,240.0","11,750.0","11,000.0","0.05K","0.14%"
"Jan 24, 2018","11,240.0","10,818.0","12,114.0","10,509.8","0.06K","4.08%"
"Jan 23, 2018","10,799.0","10,695.0","11,928.0","10,000.0","0.06K","0.97%"
"Jan 22, 2018","10,695.0","11,357.7","12,830.0","10,113.5","0.06K","-5.83%"
"Jan 21, 2018","11,357.7","12,650.6","12,650.6","11,153.0","0.06K","-10.22%"
"Jan 20, 2018","12,650.6","11,358.3","12,862.0","11,309.9","0.06K","11.38%"
"Jan 19, 2018","11,358.3","10,998.1","11,653.7","10,498.0","0.06K","3.27%"
"Jan 18, 2018","10,998.1","11,114.0","11,934.0","10,400.2","0.06K","-1.84%"
"Jan 17, 2018","11,204.1","11,114.0","11,572.5","8,869.0","0.08K","-12.97%"
"Jan 16, 2018","12,873.3","14,967.0","15,390.0","11,502.0","1.05K","-13.99%"
"Jan 15, 2018","14,967.0","14,989.3","15,497.0","14,800.0","0.55K","-0.15%"
"Jan 14, 2018","14,989.3","15,246.5","15,343.0","14,635.0","0.59K","-1.69%"
"Jan 13, 2018","15,246.5","15,295.0","15,700.0","15,135.0","0.59K","-0.32%"
"Jan 12, 2018","15,295.0","15,050.0","15,499.0","14,600.0","0.61K","1.63%"
"Jan 11, 2018","15,050.0","16,200.0","16,400.0","14,360.0","0.82K","-7.10%"
"Jan 10, 2018","16,200.0","15,600.0","16,200.0","14,900.0","0.78K","3.85%"
"Jan 09, 2018","15,600.0","16,345.0","16,705.0","15,322.4","0.70K","-4.56%"
"Jan 08, 2018","16,345.0","17,170.0","17,200.0","14,770.0","0.87K","-4.80%"
"Jan 07, 2018","17,170.0","18,000.0","18,000.0","16,900.0","0.63K","-4.61%"
"Jan 06, 2018","18,000.0","18,037.0","18,200.0","16,800.0","0.73K","-0.21%"
"Jan 05, 2018","18,037.0","15,650.0","18,500.0","15,495.1","0.91K","15.25%"
"Jan 04, 2018","15,650.0","15,300.0","15,746.9","14,333.3","0.91K","2.29%"
"Jan 03, 2018","15,300.0","15,159.1","15,840.0","15,001.0","0.70K","0.93%"
"Jan 02, 2018","15,159.1","14,278.5","16,150.0","13,999.0","0.81K","6.17%"
"Jan 01, 2018","14,278.5","14,750.0","14,900.0","13,990.0","0.59K","-3.20%"
"Dec 31, 2017","14,750.0","13,890.0","15,450.0","13,697.2","0.70K","6.19%"
"Dec 30, 2017","13,890.0","15,135.0","15,136.4","13,450.0","0.67K","-8.23%"
"Dec 29, 2017","15,135.0","15,350.0","16,000.0","14,570.0","0.64K","-1.40%"
"Dec 28, 2017","15,350.0","16,110.6","16,300.0","15,000.0","0.68K","-4.72%"
"Dec 27, 2017","16,110.6","16,248.3","16,802.1","15,150.0","0.61K","-0.85%"
"Dec 26, 2017","16,248.3","14,310.1","16,750.0","14,168.2","0.91K","13.54%"
"Dec 25, 2017","14,310.1","14,062.0","14,822.2","13,688.7","0.73K","1.76%"
"Dec 24, 2017","14,062.0","14,855.0","15,224.9","13,181.9","1.01K","-5.34%"
"Dec 23, 2017","14,855.0","13,842.8","16,000.0","13,800.0","1.00K","7.31%"
"Dec 22, 2017","13,842.8","15,340.0","15,658.2","11,122.0","1.89K","-9.76%"
"Dec 21, 2017","15,340.0","16,582.0","16,950.0","14,971.0","0.90K","-7.49%"
"Dec 20, 2017","16,582.0","17,837.4","17,950.0","15,880.0","0.85K","-7.04%"
"Dec 19, 2017","17,837.4","18,719.9","18,849.0","16,800.0","0.80K","-4.71%"
"Dec 18, 2017","18,719.9","19,250.0","19,300.0","18,200.0","0.67K","-2.75%"
"Dec 17, 2017","19,250.0","19,300.0","19,900.0","18,558.0","0.70K","-0.26%"
"Dec 16, 2017","19,300.0","17,649.9","19,606.3","17,240.0","0.61K","9.35%"
"Dec 15, 2017","17,649.9","16,371.5","18,199.0","16,325.0","0.80K","7.81%"
"Dec 14, 2017","16,371.5","16,288.7","16,642.2","15,800.0","0.66K","0.51%"
"Dec 13, 2017","16,288.7","16,425.2","16,681.0","15,559.4","0.66K","-0.83%"
"Dec 12, 2017","16,425.2","16,435.0","17,000.0","16,000.0","0.73K","-0.06%"
"Dec 11, 2017","16,435.0","15,339.9","17,000.0","15,299.9","0.76K","7.14%"
"Dec 10, 2017","15,339.9","14,930.0","15,999.0","13,791.0","0.42K","2.75%"
"Dec 09, 2017","14,930.0","16,035.1","16,099.0","12,730.0","0.94K","-6.89%"
"Dec 08, 2017","16,035.1","17,000.0","17,135.8","14,350.0","1.09K","-5.68%"
"Dec 07, 2017","17,000.0","14,055.0","17,000.0","13,580.0","1.05K","20.95%"
"Dec 06, 2017","14,055.0","11,788.2","14,500.0","11,767.4","0.94K","19.23%"
"Dec 05, 2017","11,788.2","11,490.0","11,820.3","11,459.5","0.61K","2.60%"
"Dec 04, 2017","11,490.0","11,188.3","11,501.0","10,900.0","0.67K","2.70%"
"Dec 03, 2017","11,188.3","10,889.0","11,750.0","10,600.0","0.78K","2.75%"
"Dec 02, 2017","10,889.0","10,640.7","11,000.0","10,550.1","0.60K","2.33%"
"Dec 01, 2017","10,640.7","10,020.0","10,698.0","9,481.8","0.72K","6.19%"
"Nov 30, 2017","10,020.0","9,838.0","10,700.0","9,001.0","0.91K","1.85%"
"Nov 29, 2017","9,838.0","9,905.2","11,127.7","8,700.0","1.17K","-0.68%"
"Nov 28, 2017","9,905.2","9,518.5","9,905.3","9,420.0","0.49K","4.06%"
"Nov 27, 2017","9,518.5","9,068.1","9,600.0","9,050.0","0.63K","4.97%"
"Nov 26, 2017","9,068.1","8,570.2","9,300.0","8,570.2","0.67K","5.81%"
"Nov 25, 2017","8,570.2","8,085.0","8,595.0","8,001.0","0.62K","6.00%"
"Nov 24, 2017","8,085.0","8,033.0","8,269.0","7,915.7","0.64K","0.65%"
"Nov 23, 2017","8,033.0","8,120.0","8,184.0","8,000.9","0.59K","-1.07%"
"Nov 22, 2017","8,120.0","8,110.0","8,184.0","8,010.0","0.52K","0.12%"
"Nov 21, 2017","8,110.0","8,009.4","8,149.5","7,801.0","0.45K","1.26%"
"Nov 20, 2017","8,009.4","7,819.6","8,087.0","7,678.4","0.61K","2.43%"
"Nov 19, 2017","7,819.6","7,626.8","7,848.0","7,535.0","0.51K","2.53%"
"Nov 18, 2017","7,626.8","7,602.0","7,728.0","7,430.0","0.52K","0.33%"
"Nov 17, 2017","7,602.0","7,601.0","7,878.0","7,350.0","0.72K","0.01%"
"Nov 16, 2017","7,601.0","7,229.9","7,798.0","7,120.0","0.73K","5.13%"
"Nov 15, 2017","7,229.9","6,613.1","7,298.5","6,608.1","0.71K","9.33%"
"Nov 14, 2017","6,613.1","6,560.0","6,743.9","6,450.0","0.55K","0.81%"
"Nov 13, 2017","6,560.0","5,909.3","6,770.0","5,860.2","0.80K","11.01%"
"Nov 12, 2017","5,909.3","6,345.1","6,509.0","5,600.0","1.09K","-6.87%"
"Nov 11, 2017","6,345.1","6,655.5","6,815.0","6,250.0","0.61K","-4.66%"
"Nov 10, 2017","6,655.5","7,053.1","7,198.0","6,400.0","0.71K","-5.64%"
"Nov 09, 2017","7,053.1","7,358.8","7,400.0","7,050.0","0.55K","-4.15%"
"Nov 08, 2017","7,358.8","7,053.2","7,559.0","7,015.0","0.57K","4.33%"
"Nov 07, 2017","7,053.2","6,998.0","7,249.0","6,998.0","0.49K","0.79%"
"Nov 06, 2017","6,998.0","7,395.0","7,418.9","6,900.0","0.61K","-5.37%"
"Nov 05, 2017","7,395.0","7,235.0","7,485.0","7,181.6","0.49K","2.21%"
"Nov 04, 2017","7,235.0","7,101.2","7,300.0","6,985.0","0.50K","1.88%"
"Nov 03, 2017","7,101.2","7,010.0","7,324.4","6,900.0","0.61K","1.30%"
"Nov 02, 2017","7,010.0","6,670.0","7,350.0","6,540.0","0.54K","5.10%"
"Nov 01, 2017","6,670.0","6,305.0","6,680.0","6,200.0","0.55K","5.79%"
"Oct 31, 2017","6,305.0","6,024.9","6,305.0","5,950.0","0.53K","4.65%"
"Oct 30, 2017","6,024.9","5,970.0","6,089.1","5,900.2","0.50K","0.92%"
"Oct 29, 2017","5,970.0","5,716.6","6,030.0","5,700.0","0.50K","4.43%"
"Oct 28, 2017","5,716.6","5,748.8","5,799.0","5,619.9","0.41K","-0.56%"
"Oct 27, 2017","5,748.8","5,845.6","5,912.0","5,686.1","0.44K","-1.66%"
"Oct 26, 2017","5,845.6","5,678.5","5,940.0","5,600.0","0.42K","2.94%"
"Oct 25, 2017","5,678.5","5,499.1","5,700.0","5,399.2","0.53K","3.26%"
"Oct 24, 2017","5,499.1","5,750.0","5,785.0","5,499.1","0.49K","-4.36%"
"Oct 23, 2017","5,750.0","5,884.7","5,970.0","5,569.9","0.49K","-2.29%"
"Oct 22, 2017","5,884.7","5,913.2","5,970.0","5,652.0","0.44K","-0.48%"
"Oct 21, 2017","5,913.2","5,790.0","6,050.0","5,750.1","0.44K","2.13%"
"Oct 20, 2017","5,790.0","5,610.0","5,900.0","5,429.5","0.48K","3.21%"
"Oct 19, 2017","5,610.0","5,493.0","5,650.0","5,448.0","0.40K","2.13%"
"Oct 18, 2017","5,493.0","5,473.2","5,500.0","5,050.0","0.31K","0.36%"
"Oct 17, 2017","5,473.2","5,481.0","5,506.4","5,430.0","0.25K","-0.14%"
"Oct 16, 2017","5,481.0","5,410.5","5,501.0","5,347.1","0.36K","1.30%"
"Oct 15, 2017","5,410.5","5,510.0","5,550.0","5,267.6","0.47K","-1.81%"
"Oct 14, 2017","5,510.0","5,365.0","5,528.7","5,277.0","0.41K","2.70%"
"Oct 13, 2017","5,365.0","5,209.4","5,550.0","5,171.1","0.61K","2.99%"
"Oct 12, 2017","5,209.4","4,734.8","5,247.0","4,730.0","0.66K","10.02%"
"Oct 11, 2017","4,734.8","4,731.6","4,800.0","4,705.0","0.32K","0.07%"
"Oct 10, 2017","4,731.6","4,745.7","4,844.0","4,707.0","0.33K","-0.30%"
"Oct 09, 2017","4,745.7","4,545.0","4,839.0","4,455.0","0.38K","4.42%"
"Oct 08, 2017","4,545.0","4,366.4","4,550.0","4,350.0","0.31K","4.09%"
"Oct 07, 2017","4,366.4","4,315.0","4,398.0","4,281.0","0.33K","1.19%"
"Oct 06, 2017","4,315.0","4,291.1","4,370.1","4,280.0","0.18K","0.56%"
"Oct 05, 2017","4,291.1","4,211.0","4,344.0","4,100.0","0.33K","1.90%"
"Oct 04, 2017","4,211.0","4,276.5","4,338.0","4,136.5","0.33K","-1.53%"
"Oct 03, 2017","4,276.5","4,360.0","4,390.0","4,240.0","0.21K","-1.92%"
"Oct 02, 2017","4,360.0","4,326.2","4,425.0","4,307.1","0.20K","0.78%"
"Oct 01, 2017","4,326.2","4,284.0","4,340.0","4,220.0","0.23K","0.99%"
"Sep 30, 2017","4,284.0","4,135.0","4,291.8","4,122.0","0.25K","3.60%"
"Sep 29, 2017","4,135.0","4,140.2","4,193.0","4,020.0","0.31K","-0.13%"
"Sep 28, 2017","4,140.2","4,160.0","4,200.0","4,060.0","0.33K","-0.48%"
"Sep 27, 2017","4,160.0","3,886.1","4,169.0","3,885.0","0.33K","7.05%"
"Sep 26, 2017","3,886.1","3,882.5","3,940.0","3,855.0","0.28K","0.09%"
"Sep 25, 2017","3,882.5","3,666.1","3,926.0","3,630.0","0.33K","5.90%"
"Sep 24, 2017","3,666.1","3,724.4","3,732.4","3,590.0","0.31K","-1.57%"
"Sep 23, 2017","3,724.4","3,611.4","3,812.8","3,500.4","0.33K","3.13%"
"Sep 22, 2017","3,611.4","3,675.0","3,800.0","3,457.4","0.27K","-1.73%"
"Sep 21, 2017","3,675.0","4,000.0","4,013.4","3,601.0","0.37K","-8.13%"
"Sep 20, 2017","4,000.0","3,982.0","4,058.9","3,876.5","0.31K","0.45%"
"Sep 19, 2017","3,982.0","4,150.3","4,177.0","3,925.5","0.33K","-4.06%"
"Sep 18, 2017","4,150.3","3,765.5","4,160.0","3,765.5","0.34K","10.22%"
"Sep 17, 2017","3,765.5","3,795.0","3,849.0","3,600.0","0.33K","-0.78%"
"Sep 16, 2017","3,795.0","3,825.0","4,050.0","3,700.0","0.33K","-0.78%"
"Sep 15, 2017","3,825.0","3,305.1","3,999.0","2,950.0","0.76K","15.73%"
"Sep 14, 2017","3,305.1","3,949.9","4,000.0","3,300.0","0.44K","-16.32%"
"Sep 13, 2017","3,949.9","4,246.1","4,378.0","3,801.0","0.32K","-6.98%"
"Sep 12, 2017","4,246.1","4,300.1","4,400.0","4,210.0","0.32K","-1.26%"
"Sep 11, 2017","4,300.1","4,355.6","4,425.0","4,233.1","0.21K","-1.27%"
"Sep 10, 2017","4,355.6","4,390.0","4,441.0","4,200.0","0.27K","-1.15%"
"Sep 09, 2017","4,406.3","4,348.6","4,499.0","4,205.0","0.14K","1.33%"
"Sep 08, 2017","4,348.6","4,603.2","4,634.1","4,230.0","0.34K","-5.53%"
"Sep 07, 2017","4,603.2","4,558.0","4,650.0","4,470.0","0.24K","0.99%"
"Sep 06, 2017","4,558.0","4,466.2","4,699.0","4,465.0","0.25K","2.06%"
"Sep 05, 2017","4,466.2","4,324.9","4,506.0","4,130.0","0.23K","3.27%"
"Sep 04, 2017","4,324.9","4,641.0","4,750.0","4,090.7","0.44K","-6.81%"
"Sep 03, 2017","4,641.0","4,612.0","4,765.8","4,444.0","0.24K","0.63%"
"Sep 02, 2017","4,612.0","4,901.0","4,940.0","4,495.0","0.32K","-5.90%"
"Sep 01, 2017","4,901.0","4,682.0","4,940.0","4,655.0","0.25K","4.68%"
"Aug 31, 2017","4,682.0","4,521.1","4,725.0","4,500.0","0.23K","3.56%"
"Aug 30, 2017","4,521.1","4,513.0","4,550.0","4,444.0","0.22K","0.18%"
"Aug 29, 2017","4,513.0","4,315.6","4,560.0","4,285.1","0.24K","4.57%"
"Aug 28, 2017","4,315.6","4,273.0","4,351.0","4,200.0","0.24K","1.00%"
"Aug 27, 2017","4,273.0","4,270.0","4,320.0","4,223.7","0.24K","0.07%"
"Aug 26, 2017","4,270.0","4,260.0","4,300.6","4,208.0","0.23K","0.24%"
"Aug 25, 2017","4,260.0","4,254.0","4,360.0","4,200.0","0.24K","0.14%"
"Aug 24, 2017","4,254.0","4,096.0","4,270.0","4,050.0","0.25K","3.86%"
"Aug 23, 2017","4,096.0","4,055.7","4,203.0","4,000.0","0.25K","0.99%"
"Aug 22, 2017","4,055.7","4,000.0","4,100.0","3,522.0","0.27K","1.39%"
"Aug 21, 2017","4,000.0","4,085.0","4,099.0","3,968.0","0.26K","-2.08%"
"Aug 20, 2017","4,085.0","4,100.6","4,149.4","4,000.0","0.15K","-0.38%"
"Aug 19, 2017","4,100.6","4,113.1","4,190.0","3,920.0","0.24K","-0.30%"
"Aug 18, 2017","4,113.1","4,247.9","4,290.0","4,005.0","0.26K","-3.17%"
"Aug 17, 2017","4,247.9","4,210.0","4,320.0","4,107.0","0.26K","0.90%"
"Aug 16, 2017","4,210.0","4,060.9","4,300.0","3,821.0","0.29K","3.67%"
"Aug 15, 2017","4,060.9","4,200.4","4,500.0","3,800.0","0.40K","-3.32%"
"Aug 14, 2017","4,200.4","4,030.0","4,245.2","3,872.2","0.23K","4.23%"
"Aug 13, 2017","4,030.0","3,790.0","4,194.9","3,684.0","0.36K","6.33%"
"Aug 12, 2017","3,790.0","3,550.0","3,920.0","3,503.0","0.24K","6.76%"
"Aug 11, 2017","3,550.0","3,362.2","3,580.0","3,362.2","0.26K","5.58%"
"Aug 10, 2017","3,362.2","3,315.0","3,393.0","3,280.0","0.22K","1.43%"
"Aug 09, 2017","3,315.0","3,335.0","3,347.9","3,180.0","0.25K","-0.60%"
"Aug 08, 2017","3,335.0","3,276.0","3,348.6","3,259.0","0.23K","1.80%"
"Aug 07, 2017","3,276.0","3,154.0","3,350.0","3,131.0","0.22K","3.87%"
"Aug 06, 2017","3,154.0","3,090.0","3,180.0","3,031.1","0.17K","2.07%"
"Aug 05, 2017","3,090.0","2,796.0","3,180.0","2,780.3","0.24K","10.52%"
"Aug 04, 2017","2,796.0","2,715.3","2,800.0","2,715.1","0.14K","2.97%"
"Aug 03, 2017","2,715.3","2,683.5","2,750.0","2,650.0","0.12K","1.19%"
"Aug 02, 2017","2,683.5","2,622.6","2,721.6","2,607.0","0.12K","2.32%"
"Aug 01, 2017","2,622.6","2,728.9","2,780.0","2,530.0","0.19K","-3.89%"
"Jul 31, 2017","2,728.9","2,683.3","2,745.1","2,199.0","0.19K","1.70%"
"Jul 30, 2017","2,683.3","2,679.0","2,758.4","2,573.9","0.23K","0.16%"
"Jul 29, 2017","2,679.0","2,703.0","2,715.0","2,600.0","0.13K","-0.89%"
"Jul 28, 2017","2,703.0","2,625.0","2,748.0","2,607.2","0.23K","2.97%"
"Jul 27, 2017","2,625.0","2,515.0","2,625.0","2,485.0","0.27K","4.37%"
"Jul 26, 2017","2,515.0","2,582.0","2,630.0","2,422.0","0.21K","-2.60%"
"Jul 25, 2017","2,582.0","2,749.0","2,749.0","2,531.0","0.26K","-6.07%"
"Jul 24, 2017","2,749.0","2,710.1","2,753.6","2,700.0","0.12K","1.44%"
"Jul 23, 2017","2,710.1","2,779.2","2,815.0","2,660.0","0.20K","-2.49%"
"Jul 22, 2017","2,779.2","2,670.6","2,860.0","2,653.2","0.21K","4.07%"
"Jul 21, 2017","2,670.6","2,736.9","2,770.0","2,572.0","0.16K","-2.42%"
"Jul 20, 2017","2,736.9","2,301.8","2,817.8","2,291.1","0.41K","18.90%"
"Jul 19, 2017","2,301.8","2,285.0","2,385.3","2,251.0","0.18K","0.74%"
"Jul 18, 2017","2,285.0","2,179.5","2,356.4","2,138.1","0.24K","4.84%"
"Jul 17, 2017","2,179.5","1,957.6","2,220.9","1,944.8","0.28K","11.33%"
"Jul 16, 2017","1,957.6","2,078.8","2,101.0","1,840.0","0.25K","-5.83%"
"Jul 15, 2017","2,078.8","2,282.0","2,300.0","2,000.0","0.28K","-8.90%"
"Jul 14, 2017","2,282.0","2,378.6","2,390.5","2,244.0","0.27K","-4.06%"
"Jul 13, 2017","2,378.6","2,415.0","2,451.0","2,357.6","0.19K","-1.51%"
"Jul 12, 2017","2,415.0","2,400.4","2,465.0","2,342.1","0.19K","0.61%"
"Jul 11, 2017","2,400.4","2,480.0","2,500.0","2,328.8","0.25K","-3.21%"
"Jul 10, 2017","2,480.0","2,600.0","2,608.0","2,415.0","0.24K","-4.62%"
"Jul 09, 2017","2,600.0","2,591.1","2,614.0","2,582.3","0.22K","0.34%"
"Jul 08, 2017","2,591.1","2,568.7","2,610.0","2,546.0","0.19K","0.87%"
"Jul 07, 2017","2,568.7","2,607.0","2,614.0","2,537.0","0.21K","-1.47%"
"Jul 06, 2017","2,607.0","2,600.3","2,619.0","2,600.1","0.19K","0.26%"
"Jul 05, 2017","2,600.3","2,608.0","2,620.0","2,555.0","0.20K","-0.29%"
"Jul 04, 2017","2,608.0","2,593.0","2,645.7","2,580.0","0.22K","0.58%"
"Jul 03, 2017","2,593.0","2,550.0","2,605.0","2,530.0","0.18K","1.69%"
"Jul 02, 2017","2,550.0","2,505.0","2,550.0","2,485.0","0.22K","1.79%"
"Jul 01, 2017","2,505.0","2,559.7","2,625.0","2,500.0","0.22K","-2.14%"
"Jun 30, 2017","2,559.7","2,570.1","2,640.7","2,512.0","0.23K","-0.41%"
"Jun 29, 2017","2,570.1","2,593.1","2,677.0","2,540.0","0.22K","-0.89%"
"Jun 28, 2017","2,593.1","2,530.0","2,677.0","2,477.0","0.19K","2.49%"
"Jun 27, 2017","2,530.0","2,517.0","2,649.9","2,354.0","0.34K","0.52%"
"Jun 26, 2017","2,517.0","2,640.0","2,669.3","2,440.0","0.21K","-4.66%"
"Jun 25, 2017","2,640.0","2,695.1","2,743.5","2,574.0","0.15K","-2.04%"
"Jun 24, 2017","2,695.1","2,762.0","2,780.0","2,632.0","0.21K","-2.42%"
"Jun 23, 2017","2,762.0","2,724.7","2,776.0","2,711.0","0.07K","1.37%"
"Jun 22, 2017","2,724.7","2,745.0","2,780.0","2,647.8","0.22K","-0.74%"
"Jun 21, 2017","2,745.0","2,719.8","2,800.0","2,700.0","0.14K","0.93%"
"Jun 20, 2017","2,719.8","2,610.0","2,820.0","2,598.3","0.23K","4.21%"
"Jun 19, 2017","2,610.0","2,571.0","2,640.0","2,502.4","0.20K","1.52%"
"Jun 18, 2017","2,571.0","2,664.0","2,680.0","2,512.0","0.20K","-3.49%"
"Jun 17, 2017","2,664.0","2,557.4","2,695.0","2,553.0","0.21K","4.17%"
"Jun 16, 2017","2,557.4","2,526.0","2,677.6","2,469.0","0.16K","1.25%"
"Jun 15, 2017","2,526.0","2,648.0","2,750.0","2,366.1","0.48K","-4.61%"
"Jun 14, 2017","2,648.0","2,736.0","2,805.0","2,646.0","0.59K","-3.22%"
"Jun 13, 2017","2,736.0","2,613.0","2,793.8","2,613.0","0.19K","4.71%"
"Jun 12, 2017","2,613.0","2,885.0","2,899.9","2,470.0","0.87K","-9.43%"
"Jun 11, 2017","2,885.0","2,805.0","2,890.0","2,800.0","0.13K","2.85%"
"Jun 10, 2017","2,805.0","2,727.9","2,853.0","2,705.0","0.20K","2.83%"
"Jun 09, 2017","2,727.9","2,688.3","2,792.0","2,682.0","0.16K","1.47%"
"Jun 08, 2017","2,688.3","2,686.8","2,746.0","2,626.0","0.09K","0.06%"
"Jun 07, 2017","2,686.8","2,740.0","2,777.4","2,600.0","0.14K","-1.94%"
"Jun 06, 2017","2,740.0","2,589.4","2,810.0","2,560.0","0.24K","5.82%"
"Jun 05, 2017","2,589.4","2,445.2","2,595.0","2,429.0","0.15K","5.89%"
"Jun 04, 2017","2,445.2","2,478.4","2,507.4","2,358.0","0.19K","-1.34%"
"Jun 03, 2017","2,478.4","2,386.0","2,600.0","2,363.4","0.20K","3.87%"
"Jun 02, 2017","2,386.0","2,297.0","2,400.0","2,285.0","0.17K","3.88%"
"Jun 01, 2017","2,297.0","2,164.0","2,340.0","2,150.0","0.19K","6.15%"
"May 31, 2017","2,164.0","2,110.0","2,218.0","2,061.3","0.49K","2.56%"
"May 30, 2017","2,110.0","2,165.0","2,292.9","1,850.6","0.56K","-2.54%"
"May 29, 2017","2,165.0","2,135.0","2,250.0","1,972.0","0.21K","1.41%"
"May 28, 2017","2,135.0","1,993.6","2,271.0","1,987.6","0.19K","7.09%"
"May 27, 2017","1,993.6","2,246.0","2,320.0","1,824.1","0.58K","-11.24%"
"May 26, 2017","2,246.0","2,308.0","2,581.9","2,031.2","0.47K","-2.69%"
"May 25, 2017","2,308.0","2,448.1","2,784.6","2,250.0","0.60K","-5.72%"
"May 24, 2017","2,448.1","2,264.4","2,550.0","2,250.0","0.59K","8.11%"
"May 23, 2017","2,264.4","2,131.4","2,284.2","2,128.0","0.14K","6.24%"
"May 22, 2017","2,131.4","2,027.0","2,222.0","2,019.0","0.36K","5.15%"
"May 21, 2017","2,027.0","1,986.7","2,060.0","1,983.0","0.17K","2.03%"
"May 20, 2017","1,986.7","1,929.9","1,995.0","1,928.4","0.18K","2.94%"
"May 19, 2017","1,929.9","1,840.0","1,971.6","1,840.0","0.20K","4.89%"
"May 18, 2017","1,840.0","1,751.8","1,857.0","1,750.3","0.21K","5.03%"
"May 17, 2017","1,751.8","1,702.0","1,778.2","1,686.8","0.22K","2.93%"
"May 16, 2017","1,702.0","1,693.2","1,712.0","1,652.6","0.21K","0.52%"
"May 15, 2017","1,693.2","1,744.9","1,795.0","1,676.0","0.20K","-2.96%"
"May 14, 2017","1,744.9","1,751.2","1,785.0","1,718.4","0.17K","-0.36%"
"May 13, 2017","1,751.2","1,701.2","1,760.0","1,616.4","0.18K","2.94%"
"May 12, 2017","1,701.2","1,777.2","1,806.4","1,655.0","0.24K","-4.28%"
"May 11, 2017","1,777.2","1,715.0","1,851.6","1,705.0","0.16K","3.63%"
"May 10, 2017","1,715.0","1,647.5","1,719.0","1,635.0","0.21K","4.10%"
"May 09, 2017","1,647.5","1,625.4","1,721.0","1,612.1","0.22K","1.36%"
"May 08, 2017","1,625.4","1,509.6","1,626.0","1,505.0","0.14K","7.67%"
"May 07, 2017","1,509.6","1,505.8","1,527.0","1,467.7","0.22K","0.25%"
"May 06, 2017","1,505.8","1,487.5","1,527.0","1,471.8","0.18K","1.23%"
"May 05, 2017","1,487.5","1,452.8","1,533.3","1,448.0","0.19K","2.39%"
"May 04, 2017","1,452.8","1,427.6","1,541.2","1,380.0","0.25K","1.77%"
"May 03, 2017","1,427.6","1,408.0","1,430.0","1,377.1","0.19K","1.39%"
"May 02, 2017","1,408.0","1,371.3","1,434.0","1,362.8","0.22K","2.68%"
"May 01, 2017","1,371.3","1,301.8","1,386.0","1,296.3","0.22K","5.34%"
"Apr 30, 2017","1,301.8","1,298.8","1,308.0","1,282.6","0.22K","0.23%"
"Apr 29, 2017","1,298.8","1,293.0","1,300.0","1,280.0","0.16K","0.45%"
"Apr 28, 2017","1,293.0","1,298.0","1,318.7","1,275.3","0.22K","-0.39%"
"Apr 27, 2017","1,298.0","1,277.9","1,318.0","1,270.0","0.11K","1.57%"
"Apr 26, 2017","1,277.9","1,261.4","1,287.0","1,255.7","0.22K","1.31%"
"Apr 25, 2017","1,261.4","1,238.0","1,267.0","1,236.4","0.19K","1.89%"
"Apr 24, 2017","1,238.0","1,240.0","1,240.1","1,230.1","0.22K","-0.16%"
"Apr 23, 2017","1,240.0","1,233.7","1,247.8","1,218.2","0.21K","0.51%"
"Apr 22, 2017","1,233.7","1,238.6","1,241.0","1,205.9","0.18K","-0.40%"
"Apr 21, 2017","1,238.6","1,218.2","1,239.9","1,218.2","0.20K","1.67%"
"Apr 20, 2017","1,218.2","1,209.0","1,230.0","1,203.8","0.16K","0.76%"
"Apr 19, 2017","1,209.0","1,209.0","1,210.7","1,189.2","0.20K","0.00%"
"Apr 18, 2017","1,209.0","1,191.8","1,210.7","1,190.0","0.11K","1.45%"
"Apr 17, 2017","1,191.8","1,175.0","1,199.0","1,169.0","0.13K","1.43%"
"Apr 16, 2017","1,175.0","1,174.6","1,178.8","1,148.1","0.17K","0.04%"
"Apr 15, 2017","1,174.6","1,183.6","1,187.9","1,168.0","0.19K","-0.76%"
"Apr 14, 2017","1,183.6","1,185.8","1,201.0","1,168.2","0.22K","-0.19%"
"Apr 13, 2017","1,185.8","1,203.6","1,209.0","1,167.9","0.21K","-1.48%"
"Apr 12, 2017","1,203.6","1,216.5","1,219.2","1,202.0","0.21K","-1.06%"
"Apr 11, 2017","1,216.5","1,192.9","1,222.8","1,187.0","0.16K","1.98%"
"Apr 10, 2017","1,192.9","1,195.0","1,200.0","1,185.6","0.17K","-0.18%"
"Apr 09, 2017","1,195.0","1,169.9","1,200.0","1,167.3","0.13K","2.15%"
"Apr 08, 2017","1,169.9","1,190.0","1,190.0","1,161.9","0.13K","-1.69%"
"Apr 07, 2017","1,190.0","1,188.0","1,192.3","1,173.8","0.18K","0.17%"
"Apr 06, 2017","1,188.0","1,124.6","1,198.2","1,124.6","0.21K","5.64%"
"Apr 05, 2017","1,124.6","1,125.3","1,140.0","1,110.0","0.21K","-0.07%"
"Apr 04, 2017","1,125.3","1,128.9","1,149.0","1,108.6","0.20K","-0.32%"
"Apr 03, 2017","1,128.9","1,089.0","1,143.0","1,088.0","0.19K","3.66%"
"Apr 02, 2017","1,089.0","1,085.0","1,106.0","1,070.1","0.22K","0.37%"
"Apr 01, 2017","1,085.0","1,086.0","1,095.0","1,062.0","0.21K","-0.09%"
"Mar 31, 2017","1,086.0","1,036.2","1,099.5","1,029.2","0.21K","4.81%"
"Mar 30, 2017","1,036.2","1,037.2","1,050.8","1,030.0","0.18K","-0.10%"
"Mar 29, 2017","1,037.2","1,041.9","1,055.0","1,010.0","0.19K","-0.45%"
"Mar 28, 2017","1,041.9","1,043.8","1,061.0","1,014.0","0.21K","-0.18%"
"Mar 27, 2017","1,043.8","979.0","1,046.0","970.1","0.26K","6.62%"
"Mar 26, 2017","979.0","982.0","1,020.0","969.1","0.22K","-0.31%"
"Mar 25, 2017","982.0","951.2","990.0","905.8","0.22K","3.24%"
"Mar 24, 2017","951.2","1,045.0","1,055.5","950.0","0.23K","-8.98%"
"Mar 23, 2017","1,045.0","1,041.9","1,090.0","1,036.0","0.22K","0.29%"
"Mar 22, 2017","1,041.9","1,118.0","1,120.0","1,000.0","0.22K","-6.80%"
"Mar 21, 2017","1,118.0","1,044.3","1,118.0","1,039.0","0.25K","7.06%"
"Mar 20, 2017","1,044.3","1,032.8","1,060.0","1,014.5","0.19K","1.11%"
"Mar 19, 2017","1,032.8","980.9","1,076.8","972.0","0.19K","5.29%"
"Mar 18, 2017","980.9","1,075.3","1,102.6","934.9","0.36K","-8.78%"
"Mar 17, 2017","1,075.3","1,180.6","1,180.6","1,066.0","0.28K","-8.92%"
"Mar 16, 2017","1,180.6","1,245.0","1,254.0","1,163.2","0.24K","-5.17%"
"Mar 15, 2017","1,245.0","1,232.8","1,250.0","1,230.0","0.16K","0.99%"
"Mar 14, 2017","1,232.8","1,223.3","1,246.4","1,218.0","0.22K","0.78%"
"Mar 13, 2017","1,223.3","1,223.2","1,234.6","1,202.8","0.22K","0.00%"
"Mar 12, 2017","1,223.2","1,169.2","1,225.6","1,162.2","0.15K","4.62%"
"Mar 11, 2017","1,169.2","1,118.0","1,188.4","1,116.1","0.15K","4.58%"
"Mar 10, 2017","1,118.0","1,190.8","1,261.7","1,073.0","0.33K","-6.12%"
"Mar 09, 2017","1,190.8","1,141.1","1,207.5","1,130.5","0.19K","4.36%"
"Mar 08, 2017","1,141.1","1,235.0","1,238.0","1,138.0","0.23K","-7.60%"
"Mar 07, 2017","1,235.0","1,257.6","1,258.9","1,175.3","0.21K","-1.80%"
"Mar 06, 2017","1,257.6","1,259.0","1,264.0","1,248.5","0.19K","-0.11%"
"Mar 05, 2017","1,259.0","1,250.2","1,260.0","1,234.3","0.19K","0.70%"
"Mar 04, 2017","1,250.2","1,256.1","1,269.9","1,211.3","0.19K","-0.46%"
"Mar 03, 2017","1,256.1","1,243.0","1,279.0","1,234.0","0.21K","1.05%"
"Mar 02, 2017","1,243.0","1,201.9","1,266.0","1,195.0","0.21K","3.42%"
"Mar 01, 2017","1,201.9","1,184.0","1,201.9","1,168.0","0.21K","1.51%"
"Feb 28, 2017","1,184.0","1,189.0","1,190.0","1,169.9","0.21K","-0.42%"
"Feb 27, 2017","1,189.0","1,151.9","1,189.0","1,143.1","0.19K","3.22%"
"Feb 26, 2017","1,151.9","1,145.0","1,166.3","1,135.0","0.22K","0.61%"
"Feb 25, 2017","1,145.0","1,169.8","1,177.6","1,115.0","0.22K","-2.12%"
"Feb 24, 2017","1,169.8","1,157.3","1,198.0","1,114.0","0.21K","1.08%"
"Feb 23, 2017","1,157.3","1,095.4","1,162.7","1,091.3","0.22K","5.65%"
"Feb 22, 2017","1,095.4","1,090.9","1,109.5","1,087.0","0.16K","0.41%"
"Feb 21, 2017","1,090.9","1,070.0","1,111.0","1,056.6","0.18K","1.95%"
"Feb 20, 2017","1,070.0","1,044.4","1,070.0","1,028.5","0.14K","2.45%"
"Feb 19, 2017","1,044.4","1,040.5","1,047.0","1,028.1","0.15K","0.38%"
"Feb 18, 2017","1,040.5","1,045.3","1,059.0","1,040.0","0.17K","-0.46%"
"Feb 17, 2017","1,045.3","1,021.8","1,052.0","1,021.8","0.19K","2.30%"
"Feb 16, 2017","1,021.8","1,000.1","1,028.0","999.0","0.15K","2.17%"
"Feb 15, 2017","1,000.1","1,004.0","1,004.5","995.0","0.14K","-0.39%"
"Feb 14, 2017","1,004.0","989.0","1,010.0","986.3","0.21K","1.51%"
"Feb 13, 2017","989.0","1,002.6","1,004.6","963.4","0.21K","-1.35%"
"Feb 12, 2017","1,002.6","1,006.6","1,009.0","993.0","0.22K","-0.40%"
"Feb 11, 2017","1,006.6","1,001.0","1,018.5","990.0","0.22K","0.56%"
"Feb 10, 2017","1,001.0","978.0","1,001.0","956.0","0.22K","2.35%"
"Feb 09, 2017","978.0","1,043.0","1,065.0","932.4","0.27K","-6.23%"
"Feb 08, 2017","1,043.0","1,036.9","1,060.0","1,014.6","0.21K","0.59%"
"Feb 07, 2017","1,036.9","1,009.4","1,039.0","1,008.0","0.21K","2.72%"
"Feb 06, 2017","1,009.4","994.1","1,010.0","994.1","0.21K","1.54%"
"Feb 05, 2017","994.1","1,007.9","1,015.0","993.4","0.11K","-1.37%"
"Feb 04, 2017","1,007.9","996.3","1,015.0","983.0","0.20K","1.17%"
"Feb 03, 2017","996.3","990.3","1,005.7","983.0","0.21K","0.60%"
"Feb 02, 2017","990.3","974.2","996.8","969.4","0.21K","1.65%"
"Feb 01, 2017","974.2","967.0","979.0","951.9","0.22K","0.74%"
"Jan 31, 2017","967.0","918.6","967.0","917.1","0.21K","5.27%"
"Jan 30, 2017","918.6","909.3","930.0","908.0","0.21K","1.02%"
"Jan 29, 2017","909.3","915.3","917.8","907.0","0.12K","-0.65%"
"Jan 28, 2017","915.3","911.0","918.0","906.1","0.20K","0.67%"
"Jan 27, 2017","909.2","905.5","917.0","905.5","0.19K","0.41%"
"Jan 26, 2017","905.5","894.4","910.8","885.5","0.21K","1.24%"
"Jan 25, 2017","894.4","902.0","903.9","887.0","0.21K","-0.84%"
"Jan 24, 2017","902.0","914.9","917.2","893.0","0.17K","-1.41%"
"Jan 23, 2017","914.9","914.0","921.5","910.0","0.17K","0.10%"
"Jan 22, 2017","914.0","920.3","932.5","888.0","0.13K","-0.69%"
"Jan 21, 2017","920.3","895.1","937.0","893.2","0.14K","2.82%"
"Jan 20, 2017","895.1","899.4","905.0","889.3","0.12K","-0.47%"
"Jan 19, 2017","899.4","885.0","916.8","882.0","0.21K","2.36%"
"Jan 18, 2017","878.7","898.0","902.4","860.0","0.21K","-2.15%"
"Jan 17, 2017","898.0","833.0","900.0","830.0","0.21K","7.80%"
"Jan 16, 2017","833.0","817.5","840.5","814.7","0.22K","1.90%"
"Jan 15, 2017","817.5","814.9","822.0","808.5","0.11K","0.32%"
"Jan 14, 2017","814.9","815.0","827.9","808.0","0.17K","-0.01%"
"Jan 13, 2017","815.0","810.1","824.6","780.0","0.18K","0.61%"
"Jan 12, 2017","810.1","789.5","827.7","750.0","0.22K","2.61%"
"Jan 11, 2017","789.5","900.0","907.0","750.0","0.27K","-11.79%"
"Jan 10, 2017","895.0","905.0","908.5","883.5","0.16K","-1.11%"
"Jan 09, 2017","905.0","903.8","914.9","871.8","0.30K","0.14%"
"Jan 08, 2017","903.8","875.2","927.0","871.7","0.18K","2.47%"
"Jan 07, 2017","882.0","825.8","899.5","808.6","0.18K","-6.68%"
"Jan 06, 2017","945.1","945.1","945.1","945.1","-","0.00%"
"Jan 05, 2017","945.1","1,073.0","1,124.2","883.9","0.26K","-11.92%"
"Jan 04, 2017","1,073.0","1,034.1","1,075.0","1,034.0","0.07K","7.03%"
"Jan 03, 2017","1,002.5","1,009.5","1,021.0","999.7","0.11K","-0.35%"
"Jan 02, 2017","1,006.0","992.1","1,022.0","990.5","0.18K","1.40%"
"Jan 01, 2017","992.1","952.7","1,000.0","951.0","0.14K","4.14%"
"Dec 31, 2016","952.7","961.3","969.1","941.4","0.15K","-0.89%"
"Dec 30, 2016","961.3","963.0","972.0","926.0","0.17K","-0.18%"
"Dec 29, 2016","963.0","966.0","977.9","945.0","0.16K","0.28%"
"Dec 28, 2016","960.3","932.0","967.9","923.0","0.16K","3.76%"
"Dec 27, 2016","925.5","893.1","928.0","889.2","0.17K","3.59%"
"Dec 26, 2016","893.4","882.9","903.2","881.5","0.17K","1.20%"
"Dec 25, 2016","882.8","890.2","891.5","856.6","0.12K","-1.02%"
"Dec 24, 2016","892.0","907.1","914.0","880.0","0.13K","-1.77%"
"Dec 23, 2016","908.0","856.0","913.0","856.0","0.17K","6.08%"
"Dec 22, 2016","856.0","836.0","874.9","831.6","0.16K","2.93%"
"Dec 21, 2016","831.6","793.3","836.9","785.8","0.16K","5.81%"
"Dec 20, 2016","786.0","786.0","790.0","785.4","0.01K","-0.25%"
"Dec 19, 2016","788.0","786.6","790.0","786.6","0.01K","-0.20%"
"Dec 18, 2016","789.6","787.0","790.0","782.2","0.17K","0.39%"
"Dec 17, 2016","786.5","786.5","790.0","785.4","0.12K","0.44%"
"Dec 16, 2016","783.1","780.6","784.3","778.0","0.06K","0.14%"
"Dec 15, 2016","782.0","782.0","783.9","778.0","0.16K","-0.04%"
"Dec 14, 2016","782.3","781.0","788.4","776.5","0.15K","0.30%"
"Dec 13, 2016","780.0","778.8","785.0","776.1","0.15K","0.15%"
"Dec 12, 2016","778.8","774.7","778.8","773.0","0.03K","0.56%"
"Dec 11, 2016","774.5","772.5","781.4","768.2","0.17K","-0.60%"
"Dec 10, 2016","779.2","769.0","781.5","767.0","0.10K","1.50%"
"Dec 09, 2016","767.6","767.0","771.0","767.0","0.12K","0.08%"
"Dec 08, 2016","767.0","764.5","771.0","763.1","0.17K","0.32%"
"Dec 07, 2016","764.5","752.9","767.8","752.0","0.11K","1.54%"
"Dec 06, 2016","752.9","758.6","762.7","752.2","0.17K","-0.06%"
"Dec 05, 2016","753.4","763.8","766.0","751.0","0.17K","-1.63%"
"Dec 04, 2016","765.9","767.0","767.3","762.2","0.09K","0.06%"
"Dec 03, 2016","765.5","770.0","773.8","762.0","0.06K","-0.33%"
"Dec 02, 2016","768.0","745.8","773.6","745.7","0.12K","2.98%"
"Dec 01, 2016","745.8","740.8","750.0","738.0","0.16K","0.67%"
"Nov 30, 2016","740.8","735.1","743.0","733.0","0.15K","0.67%"
"Nov 29, 2016","735.9","735.0","739.0","732.5","0.15K","-0.04%"
"Nov 28, 2016","736.2","732.3","737.3","730.5","0.14K","0.53%"
"Nov 27, 2016","732.3","731.7","738.0","730.1","0.16K","-0.36%"
"Nov 26, 2016","735.0","742.7","744.1","730.0","0.15K","-0.70%"
"Nov 25, 2016","740.2","741.8","742.7","735.5","0.17K","-0.22%"
"Nov 24, 2016","741.8","744.8","748.8","736.0","0.17K","-0.30%"
"Nov 23, 2016","744.0","753.1","755.1","737.8","0.16K","-1.29%"
"Nov 22, 2016","753.8","743.9","759.0","743.0","0.16K","1.33%"
"Nov 21, 2016","743.9","735.4","756.4","735.4","0.17K","1.16%"
"Nov 20, 2016","735.4","759.0","759.0","726.0","0.17K","-3.11%"
"Nov 19, 2016","759.0","755.3","789.0","748.0","0.21K","0.48%"
"Nov 18, 2016","755.3","733.8","757.1","732.3","0.24K","2.94%"
"Nov 17, 2016","733.8","737.7","744.9","733.0","0.16K","-0.29%"
"Nov 16, 2016","735.9","710.4","740.0","705.0","0.15K","3.59%"
"Nov 15, 2016","710.4","700.0","715.0","699.3","0.10K","1.48%"
"Nov 14, 2016","700.0","701.0","705.3","694.5","0.08K","-0.43%"
"Nov 13, 2016","703.0","703.0","709.9","689.2","0.14K","0.00%"
"Nov 12, 2016","703.0","710.0","713.8","700.0","0.15K","-0.99%"
"Nov 11, 2016","710.0","710.2","714.0","707.3","0.17K","-0.44%"
"Nov 10, 2016","713.1","722.1","722.1","705.0","0.17K","-1.01%"
"Nov 09, 2016","720.4","704.8","737.8","702.0","0.17K","2.22%"
"Nov 08, 2016","704.8","703.3","708.0","699.0","0.17K","0.47%"
"Nov 07, 2016","701.5","702.9","711.9","699.0","0.17K","-0.20%"
"Nov 06, 2016","702.9","697.5","710.0","696.0","0.12K","0.83%"
"Nov 05, 2016","697.1","699.6","703.0","693.8","0.07K","-0.35%"
"Nov 04, 2016","699.6","687.5","705.5","680.0","0.03K","1.75%"
"Nov 03, 2016","687.5","745.0","748.0","680.0","0.19K","-6.37%"
"Nov 02, 2016","734.3","725.8","737.0","718.0","0.25K","1.07%"
"Nov 01, 2016","726.6","700.7","738.3","696.6","0.25K","4.14%"
"Oct 31, 2016","697.7","700.0","700.0","691.5","0.13K","0.04%"
"Oct 30, 2016","697.4","707.0","710.5","692.2","0.13K","-1.36%"
"Oct 29, 2016","707.0","686.2","715.0","685.1","0.17K","3.04%"
"Oct 28, 2016","686.2","681.0","687.0","677.5","0.17K","0.76%"
"Oct 27, 2016","681.0","670.4","687.3","670.4","0.17K","1.58%"
"Oct 26, 2016","670.4","651.3","675.3","651.3","0.17K","2.45%"
"Oct 25, 2016","654.3","648.5","660.0","646.5","0.17K","0.90%"
"Oct 24, 2016","648.5","644.8","650.8","643.8","0.17K","0.73%"
"Oct 23, 2016","643.8","648.1","652.7","643.8","0.16K","-0.67%"
"Oct 22, 2016","648.1","628.6","651.0","627.5","0.17K","3.10%"
"Oct 21, 2016","628.6","628.2","631.0","624.2","0.17K","0.22%"
"Oct 20, 2016","627.3","628.8","630.9","623.7","0.16K","-0.10%"
"Oct 19, 2016","627.9","636.0","636.2","622.4","0.16K","-1.14%"
"Oct 18, 2016","635.2","634.6","637.9","633.0","0.16K","0.09%"
"Oct 17, 2016","634.6","636.7","640.0","634.1","0.16K","-0.33%"
"Oct 16, 2016","636.7","637.4","640.0","634.2","0.16K","-0.26%"
"Oct 15, 2016","638.4","636.9","642.0","633.6","0.17K","0.23%"
"Oct 14, 2016","636.9","640.0","640.0","633.7","0.11K","-0.48%"
"Oct 13, 2016","640.0","637.6","643.0","632.5","0.17K","0.36%"
"Oct 12, 2016","637.6","639.3","640.0","630.7","0.17K","0.35%"
"Oct 11, 2016","635.4","616.7","639.4","615.6","0.17K","3.04%"
"Oct 10, 2016","616.7","615.2","620.0","613.6","0.17K","0.23%"
"Oct 09, 2016","615.2","615.6","618.9","613.0","0.16K","-0.05%"
"Oct 08, 2016","615.6","616.0","621.3","615.0","0.14K","-0.07%"
"Oct 07, 2016","616.0","605.6","623.0","604.6","0.17K","1.71%"
"Oct 06, 2016","605.6","605.2","609.7","604.3","0.16K","0.07%"
"Oct 05, 2016","605.2","611.7","613.1","605.2","0.17K","-1.06%"
"Oct 04, 2016","611.7","609.5","615.0","605.2","0.18K","0.28%"
"Oct 03, 2016","610.0","607.0","613.0","603.5","0.21K","0.35%"
"Oct 02, 2016","607.9","607.3","609.0","602.2","0.16K","0.09%"
"Oct 01, 2016","607.3","603.9","610.0","603.1","0.16K","0.72%"
"Sep 30, 2016","603.0","604.1","606.0","601.5","0.12K","-0.18%"
"Sep 29, 2016","604.1","607.8","607.8","603.5","0.14K","-0.60%"
"Sep 28, 2016","607.8","609.5","613.5","605.1","0.15K","-0.29%"
"Sep 27, 2016","609.5","611.0","614.2","605.0","0.20K","-0.25%"
"Sep 26, 2016","611.0","606.4","614.2","603.4","0.15K","0.48%"
"Sep 25, 2016","608.1","600.1","608.1","597.0","0.14K","1.13%"
"Sep 24, 2016","601.3","601.4","602.7","599.4","0.13K","-0.03%"
"Sep 23, 2016","601.4","596.5","604.0","590.1","0.16K","0.83%"
"Sep 22, 2016","596.5","600.9","602.8","596.0","0.17K","-0.78%"
"Sep 21, 2016","601.2","615.0","615.0","599.9","0.13K","-2.24%"
"Sep 20, 2016","615.0","616.0","616.6","610.0","0.16K","-0.17%"
"Sep 19, 2016","616.0","615.4","617.3","610.5","0.15K","0.11%"
"Sep 18, 2016","615.4","610.1","615.4","606.7","0.14K","1.43%"
"Sep 17, 2016","606.7","609.0","612.8","606.4","0.14K","-0.54%"
"Sep 16, 2016","610.0","610.4","614.0","607.4","0.09K","0.07%"
"Sep 15, 2016","609.6","612.5","615.0","609.0","0.16K","-0.60%"
"Sep 14, 2016","613.3","611.4","614.9","607.5","0.16K","0.31%"
"Sep 13, 2016","611.4","606.8","614.8","606.1","0.16K","0.75%"
"Sep 12, 2016","606.8","607.1","612.8","604.0","0.13K","-0.05%"
"Sep 11, 2016","607.1","619.5","626.0","595.5","0.16K","-2.00%"
"Sep 10, 2016","619.5","616.0","626.0","615.8","0.14K","0.40%"
"Sep 09, 2016","617.0","622.5","623.5","613.6","0.15K","-0.88%"
"Sep 08, 2016","622.5","608.0","626.3","604.7","0.16K","2.39%"
"Sep 07, 2016","608.0","601.0","609.1","598.7","0.13K","1.17%"
"Sep 06, 2016","601.0","598.5","605.1","596.8","0.14K","0.42%"
"Sep 05, 2016","598.5","606.0","606.0","594.2","0.10K","-1.24%"
"Sep 04, 2016","606.0","592.1","613.0","592.0","0.13K","2.34%"
"Sep 03, 2016","592.1","571.7","598.0","568.5","0.16K","3.26%"
"Sep 02, 2016","573.4","565.3","574.2","560.3","0.17K","1.43%"
"Sep 01, 2016","565.3","567.8","573.0","564.0","0.10K","-0.84%"
"Aug 31, 2016","570.1","574.6","576.5","567.2","0.16K","-0.78%"
"Aug 30, 2016","574.6","568.3","577.5","567.3","0.16K","1.11%"
"Aug 29, 2016","568.3","569.9","574.2","565.1","0.15K","-0.28%"
"Aug 28, 2016","569.9","564.7","572.5","564.3","0.14K","1.40%"
"Aug 27, 2016","562.0","574.8","576.2","562.0","0.16K","-2.23%"
"Aug 26, 2016","574.8","574.0","577.0","570.6","0.07K","0.74%"
"Aug 25, 2016","570.7","577.2","579.1","570.0","0.16K","-1.13%"
"Aug 24, 2016","577.2","575.5","580.5","575.0","0.11K","0.28%"
"Aug 23, 2016","575.5","583.3","583.3","575.5","0.13K","-1.33%"
"Aug 22, 2016","583.3","573.8","583.5","571.6","0.15K","1.66%"
"Aug 21, 2016","573.8","575.8","579.6","569.9","0.15K","0.02%"
"Aug 20, 2016","573.7","569.0","575.8","568.6","0.12K","0.82%"
"Aug 19, 2016","569.0","573.6","575.3","568.2","0.15K","-0.81%"
"Aug 18, 2016","573.6","570.0","575.7","568.2","0.15K","0.64%"
"Aug 17, 2016","570.0","576.4","578.5","567.5","0.15K","-1.11%"
"Aug 16, 2016","576.4","567.9","578.9","560.5","0.14K","1.50%"
"Aug 15, 2016","567.9","566.0","576.6","561.2","0.16K","0.69%"
"Aug 14, 2016","564.0","587.8","588.0","561.9","0.13K","-3.92%"
"Aug 13, 2016","587.0","583.7","593.8","583.0","0.15K","0.57%"
"Aug 12, 2016","583.7","584.0","595.0","577.0","0.13K","-1.54%"
"Aug 11, 2016","592.9","589.1","594.0","587.0","0.03K","0.00%"
"Aug 10, 2016","592.8","581.0","596.9","575.2","0.16K","1.76%"
"Aug 09, 2016","582.6","584.0","587.8","572.3","0.17K","-0.52%"
"Aug 08, 2016","585.6","589.9","593.0","582.5","0.17K","-0.44%"
"Aug 07, 2016","588.2","583.4","602.1","580.0","0.15K","1.03%"
"Aug 06, 2016","582.2","571.0","590.0","561.9","0.18K","1.95%"
"Aug 05, 2016","571.0","573.3","575.5","555.1","0.18K","0.78%"
"Aug 04, 2016","566.6","559.3","580.0","559.3","0.18K","1.31%"
"Aug 03, 2016","559.3","530.0","565.0","503.8","0.14K","11.02%"
"Aug 02, 2016","503.8","616.7","622.0","470.0","0.25K","-17.88%"
"Aug 01, 2016","613.5","626.9","630.4","610.2","0.03K","-6.79%"
"Jul 31, 2016","658.2","658.2","658.2","658.2","-","0.00%"
"Jul 30, 2016","658.2","658.2","658.2","658.2","-","0.00%"
"Jul 29, 2016","658.2","658.2","658.2","658.2","-","0.00%"
"Jul 28, 2016","658.2","658.2","658.2","658.2","-","0.00%"
"Jul 27, 2016","658.2","644.3","658.2","641.2","0.23K","2.16%"
"Jul 26, 2016","644.3","647.4","652.0","638.8","0.18K","-0.48%"
"Jul 25, 2016","647.4","654.6","658.2","645.5","0.23K","-1.40%"
"Jul 24, 2016","656.6","651.0","658.8","644.9","0.21K","1.06%"
"Jul 23, 2016","649.7","648.0","654.7","648.0","0.21K","0.26%"
"Jul 22, 2016","648.0","659.5","665.8","648.0","0.24K","-1.75%"
"Jul 21, 2016","659.5","664.8","666.2","656.0","0.24K","-0.68%"
"Jul 20, 2016","664.0","668.5","675.9","659.0","0.24K","-0.67%"
"Jul 19, 2016","668.5","667.7","673.5","664.0","0.24K","-0.46%"
"Jul 18, 2016","671.6","675.3","678.0","671.4","0.20K","0.03%"
"Jul 17, 2016","671.4","662.4","678.0","660.0","0.25K","1.36%"
"Jul 16, 2016","662.4","664.2","669.0","658.3","0.24K","-0.34%"
"Jul 15, 2016","664.7","657.5","667.5","655.4","0.24K","0.37%"
"Jul 14, 2016","662.2","658.1","666.6","653.3","0.24K","0.62%"
"Jul 13, 2016","658.1","670.0","670.0","652.6","0.19K","-1.77%"
"Jul 12, 2016","670.0","647.7","672.0","643.8","0.32K","3.59%"
"Jul 11, 2016","646.8","649.6","658.0","640.0","0.19K","-0.44%"
"Jul 10, 2016","649.6","657.0","657.8","644.1","0.23K","-1.11%"
"Jul 09, 2016","657.0","664.7","665.0","627.0","0.23K","-1.17%"
"Jul 08, 2016","664.7","615.6","664.7","615.6","0.24K","7.98%"
"Jul 07, 2016","615.6","669.0","676.0","609.8","0.25K","-8.80%"
"Jul 06, 2016","675.0","664.3","680.4","664.3","0.24K","0.78%"
"Jul 05, 2016","669.8","674.0","674.9","660.0","0.16K","-0.53%"
"Jul 04, 2016","673.3","664.5","673.9","659.8","0.14K","2.33%"
"Jul 03, 2016","658.0","694.2","695.8","644.9","0.18K","-5.22%"
"Jul 02, 2016","694.2","668.7","698.2","668.2","0.20K","3.82%"
"Jul 01, 2016","668.7","661.4","681.1","657.0","0.25K","1.10%"
"Jun 30, 2016","661.4","634.7","669.0","627.2","0.22K","4.21%"
"Jun 29, 2016","634.7","643.7","648.5","625.0","0.23K","-1.40%"
"Jun 28, 2016","643.7","641.2","658.8","638.0","0.24K","0.39%"
"Jun 27, 2016","641.2","621.5","644.8","609.8","0.27K","4.95%"
"Jun 26, 2016","610.9","658.5","660.0","606.2","0.23K","-5.87%"
"Jun 25, 2016","649.0","674.8","675.0","632.2","0.23K","-0.10%"
"Jun 24, 2016","649.7","651.2","664.0","632.5","0.12K","7.25%"
"Jun 23, 2016","605.7","607.0","607.0","605.7","0.01K","-3.22%"
"Jun 22, 2016","625.9","643.0","676.0","606.5","0.33K","-2.66%"
"Jun 21, 2016","643.0","718.4","722.2","627.1","0.20K","-10.50%"
"Jun 20, 2016","718.4","749.0","751.4","715.0","0.19K","-4.07%"
"Jun 19, 2016","749.0","744.5","759.9","738.0","0.21K","-1.19%"
"Jun 18, 2016","758.0","741.6","770.0","727.0","0.19K","2.21%"
"Jun 17, 2016","741.6","750.1","765.0","712.1","0.18K","-1.13%"
"Jun 16, 2016","750.1","678.9","759.0","676.6","0.23K","10.48%"
"Jun 15, 2016","678.9","672.2","680.0","660.0","0.19K","0.99%"
"Jun 14, 2016","672.2","684.2","689.0","650.2","0.31K","-1.74%"
"Jun 13, 2016","684.2","652.1","684.2","645.0","0.06K","6.06%"
"Jun 12, 2016","645.0","604.9","664.5","588.9","0.35K","9.54%"
"Jun 11, 2016","588.9","582.0","590.9","578.0","0.15K","1.67%"
"Jun 10, 2016","579.2","574.3","581.7","572.0","0.11K","0.65%"
"Jun 09, 2016","575.5","577.6","580.0","572.7","0.22K","-0.77%"
"Jun 08, 2016","579.9","575.5","583.3","571.8","0.23K","1.05%"
"Jun 07, 2016","573.9","574.1","582.6","566.2","0.34K","0.12%"
"Jun 06, 2016","573.2","565.1","577.5","562.2","0.20K","0.64%"
"Jun 05, 2016","569.6","574.0","577.6","565.0","0.22K","0.10%"
"Jun 04, 2016","569.0","556.9","589.7","554.0","0.23K","2.17%"
"Jun 03, 2016","556.9","538.0","560.9","531.5","0.23K","3.52%"
"Jun 02, 2016","538.0","526.8","538.0","522.5","0.25K","2.61%"
"Jun 01, 2016","524.3","523.9","530.0","517.0","0.20K","1.41%"
"May 31, 2016","517.0","528.5","537.0","515.3","0.21K","-1.52%"
"May 30, 2016","525.0","513.6","533.8","506.0","0.18K","2.14%"
"May 29, 2016","514.0","507.0","540.0","494.0","0.18K","0.61%"
"May 28, 2016","510.9","466.0","510.9","466.0","0.23K","9.64%"
"May 27, 2016","466.0","452.0","475.0","449.3","0.17K","3.11%"
"May 26, 2016","452.0","448.0","453.8","444.3","0.21K","0.88%"
"May 25, 2016","448.0","446.8","449.0","443.9","0.19K","0.51%"
"May 24, 2016","445.7","444.0","448.0","442.0","0.09K","1.69%"
"May 23, 2016","438.3","438.3","438.3","438.3","-","0.00%"
"May 22, 2016","438.3","442.0","443.2","438.0","0.21K","-0.83%"
"May 21, 2016","442.0","443.0","445.0","437.5","0.23K","-0.22%"
"May 20, 2016","443.0","436.0","443.3","435.0","0.23K","0.68%"
"May 19, 2016","440.0","451.5","454.0","440.0","0.24K","-2.55%"
"May 18, 2016","451.5","454.8","454.9","450.0","0.23K","-0.30%"
"May 17, 2016","452.9","453.9","456.6","450.2","0.22K","-0.11%"
"May 16, 2016","453.4","456.1","457.5","450.3","0.21K","-0.60%"
"May 15, 2016","456.1","454.6","457.0","451.6","0.21K","0.43%"
"May 14, 2016","454.2","454.0","456.6","452.8","0.21K","0.32%"
"May 13, 2016","452.7","452.5","454.1","450.7","0.18K","0.02%"
"May 12, 2016","452.6","450.0","454.0","447.0","0.20K","0.58%"
"May 11, 2016","450.0","453.4","453.5","450.0","0.19K","-0.76%"
"May 10, 2016","453.4","459.5","460.0","449.5","0.20K","-1.32%"
"May 09, 2016","459.5","451.7","459.7","451.7","0.19K","1.72%"
"May 08, 2016","451.7","453.5","455.0","450.1","0.23K","-0.39%"
"May 07, 2016","453.5","453.1","454.9","448.4","0.20K","0.09%"
"May 06, 2016","453.1","446.8","453.4","445.0","0.24K","1.37%"
"May 05, 2016","447.0","445.6","447.5","444.1","0.17K","0.35%"
"May 04, 2016","445.5","449.5","449.5","444.3","0.19K","-0.91%"
"May 03, 2016","449.5","442.4","449.5","440.2","0.24K","1.61%"
"May 02, 2016","442.4","449.6","452.4","439.4","0.12K","-1.32%"
"May 01, 2016","448.3","447.1","451.6","445.9","0.21K","-0.08%"
"Apr 30, 2016","448.7","452.5","456.0","445.9","0.23K","-0.56%"
"Apr 29, 2016","451.2","448.0","453.6","445.6","0.20K","0.99%"
"Apr 28, 2016","446.8","446.4","450.0","438.0","0.21K","-0.74%"
"Apr 27, 2016","450.1","460.0","464.0","450.0","0.24K","-1.99%"
"Apr 26, 2016","459.2","455.9","460.0","455.0","0.23K","0.73%"
"Apr 25, 2016","455.9","458.9","459.0","450.4","0.14K","0.86%"
"Apr 24, 2016","452.0","445.5","454.9","443.6","0.18K","1.64%"
"Apr 23, 2016","444.7","442.0","446.2","440.5","0.24K","0.79%"
"Apr 22, 2016","441.2","447.4","450.0","440.0","0.24K","-1.37%"
"Apr 21, 2016","447.4","436.1","448.7","435.6","0.21K","2.58%"
"Apr 20, 2016","436.1","433.7","440.0","431.0","0.27K","0.55%"
"Apr 19, 2016","433.7","426.2","435.5","425.3","0.21K","1.79%"
"Apr 18, 2016","426.1","426.0","428.9","425.0","0.16K","0.14%"
"Apr 17, 2016","425.5","429.4","430.0","424.0","0.21K","-0.78%"
"Apr 16, 2016","428.9","426.5","430.0","426.3","0.22K","0.03%"
"Apr 15, 2016","428.7","427.0","430.0","425.4","0.23K","0.75%"
"Apr 14, 2016","425.5","425.8","427.7","424.5","0.24K","-0.35%"
"Apr 13, 2016","427.0","427.2","428.5","424.3","0.17K","0.11%"
"Apr 12, 2016","426.5","424.7","428.7","424.4","0.19K","0.83%"
"Apr 11, 2016","423.0","423.5","425.0","420.0","0.23K","0.14%"
"Apr 10, 2016","422.4","421.5","427.0","418.1","0.23K","0.29%"
"Apr 09, 2016","421.2","418.2","427.4","417.1","0.23K","0.71%"
"Apr 08, 2016","418.2","422.1","426.0","418.1","0.24K","-1.13%"
"Apr 07, 2016","423.0","419.0","428.0","419.0","0.24K","0.95%"
"Apr 06, 2016","419.0","422.0","424.9","418.6","0.24K","-1.34%"
"Apr 05, 2016","424.7","423.4","429.8","418.5","0.27K","1.12%"
"Apr 04, 2016","420.0","420.0","428.1","417.5","0.31K","0.38%"
"Apr 03, 2016","418.4","419.5","420.6","417.5","0.22K","-0.28%"
"Apr 02, 2016","419.5","416.0","422.0","416.0","0.22K","0.85%"
"Apr 01, 2016","416.0","416.2","419.1","414.5","0.23K","-0.05%"
"Mar 31, 2016","416.2","418.4","419.4","414.0","0.27K","0.45%"
"Mar 30, 2016","414.3","416.0","419.5","410.7","0.17K","-0.40%"
"Mar 29, 2016","416.0","424.7","435.0","414.0","0.19K","-2.23%"
"Mar 28, 2016","425.5","423.9","433.0","420.8","0.19K","0.33%"
"Mar 27, 2016","424.1","415.5","429.0","413.8","0.20K","2.07%"
"Mar 26, 2016","415.5","417.9","421.9","413.3","0.20K","-0.35%"
"Mar 25, 2016","417.0","417.2","419.0","412.4","0.21K","-0.06%"
"Mar 24, 2016","417.2","418.7","419.6","413.2","0.21K","-0.36%"
"Mar 23, 2016","418.7","423.0","438.9","416.0","0.25K","-1.02%"
"Mar 22, 2016","423.0","413.0","423.7","412.1","0.22K","1.94%"
"Mar 21, 2016","415.0","411.4","415.6","408.0","0.22K","0.86%"
"Mar 20, 2016","411.4","407.0","416.0","406.3","0.21K","1.08%"
"Mar 19, 2016","407.0","408.3","411.0","405.0","0.22K","-0.32%"
"Mar 18, 2016","408.3","415.5","417.1","405.2","0.20K","-2.54%"
"Mar 17, 2016","419.0","414.6","421.1","413.1","0.22K","0.91%"
"Mar 16, 2016","415.2","417.0","417.0","413.0","0.24K","-0.40%"
"Mar 15, 2016","416.9","413.3","416.9","413.0","0.24K","0.73%"
"Mar 14, 2016","413.8","412.9","415.5","410.5","0.24K","0.66%"
"Mar 13, 2016","411.1","410.0","415.9","408.7","0.24K","0.33%"
"Mar 12, 2016","409.7","419.3","421.5","408.0","0.25K","-1.88%"
"Mar 11, 2016","417.6","415.4","422.4","414.1","0.24K","0.52%"
"Mar 10, 2016","415.4","410.0","417.5","409.0","0.23K","1.28%"
"Mar 09, 2016","410.1","410.5","412.5","406.8","0.20K","-0.08%"
"Mar 08, 2016","410.5","412.5","415.0","406.7","0.20K","-0.51%"
"Mar 07, 2016","412.5","406.0","413.0","402.0","0.19K","1.22%"
"Mar 06, 2016","407.5","398.2","408.0","394.0","0.11K","2.36%"
"Mar 05, 2016","398.2","412.9","412.9","389.1","0.22K","-4.06%"
"Mar 04, 2016","415.0","417.9","422.5","410.8","0.17K","-0.82%"